window,actor,out_degree,in_degree,out_weight,in_weight,agent_ratio,pagerank
buildup_mar,ARAGHCHI,0,0,0,0,,0.0212
buildup_mar,BAHRAIN,0,0,0,0,,0.0212
buildup_mar,BIDEN,1,0,2,0,1.0,0.0212
buildup_mar,CHINA,0,0,0,0,,0.0212
buildup_mar,DEMOCRATS,0,0,0,0,,0.0212
buildup_mar,EU,0,0,0,0,,0.0212
buildup_mar,FRANCE,0,0,0,0,,0.0212
buildup_mar,GAZA,0,0,0,0,,0.0212
buildup_mar,GERMANY,0,0,0,0,,0.0212
buildup_mar,GROSSI,0,0,0,0,,0.0212
buildup_mar,GULF_STATES,0,0,0,0,,0.0212
buildup_mar,HAMAS,0,0,0,0,,0.0212
buildup_mar,HEGSETH,0,0,0,0,,0.0212
buildup_mar,HEZBOLLAH,0,0,0,0,,0.0212
buildup_mar,HOUTHIS,0,1,0,1,0.0,0.0238
buildup_mar,IAEA,0,0,0,0,,0.0212
buildup_mar,IRAN,1,1,1,6,0.1429,0.0366
buildup_mar,IRAQ,0,0,0,0,,0.0212
buildup_mar,ISRAEL,0,1,0,1,0.0,0.0523
buildup_mar,KHAMENEI,0,0,0,0,,0.0212
buildup_mar,LEBANON,0,0,0,0,,0.0212
buildup_mar,NATO,0,0,0,0,,0.0212
buildup_mar,NETANYAHU,0,0,0,0,,0.0212
buildup_mar,OBAMA,0,0,0,0,,0.0212
buildup_mar,OMAN,0,0,0,0,,0.0212
buildup_mar,PEZESHKIAN,0,0,0,0,,0.0212
buildup_mar,PUTIN,0,0,0,0,,0.0212
buildup_mar,QATAR,0,0,0,0,,0.0212
buildup_mar,REPUBLICANS,0,0,0,0,,0.0212
buildup_mar,RUBIO,0,0,0,0,,0.0212
buildup_mar,RUSSIA,0,1,0,2,0.0,0.0392
buildup_mar,SAUDI_ARABIA,0,0,0,0,,0.0212
buildup_mar,SYRIA,0,0,0,0,,0.0212
buildup_mar,TRUMP,2,0,7,0,1.0,0.0212
buildup_mar,UAE,0,0,0,0,,0.0212
buildup_mar,UK,0,0,0,0,,0.0212
buildup_mar,UKRAINE,0,0,0,0,,0.0212
buildup_mar,UN_SECURITY_COUNCIL,0,0,0,0,,0.0212
buildup_mar,USA,0,0,0,0,,0.0212
buildup_mar,US_CONGRESS,0,0,0,0,,0.0212
buildup_mar,US_SENATE,0,0,0,0,,0.0212
buildup_mar,VANCE,0,0,0,0,,0.0212
buildup_mar,WITKOFF,0,0,0,0,,0.0212
buildup_mar,YEMEN,0,0,0,0,,0.0212
buildup_apr,ARAGHCHI,0,0,0,0,,0.0135
buildup_apr,BAHRAIN,0,0,0,0,,0.0135
buildup_apr,BIDEN,1,0,2,0,1.0,0.0135
buildup_apr,CHINA,1,2,1,2,0.3333,0.026
buildup_apr,DEMOCRATS,0,0,0,0,,0.0135
buildup_apr,EU,0,0,0,0,,0.0135
buildup_apr,FRANCE,0,0,0,0,,0.0135
buildup_apr,GAZA,0,0,0,0,,0.0135
buildup_apr,GERMANY,0,0,0,0,,0.0135
buildup_apr,GROSSI,0,0,0,0,,0.0135
buildup_apr,GULF_STATES,0,0,0,0,,0.0135
buildup_apr,HAMAS,1,0,1,0,1.0,0.0135
buildup_apr,HEGSETH,1,0,1,0,1.0,0.0135
buildup_apr,HEZBOLLAH,0,0,0,0,,0.0135
buildup_apr,HOUTHIS,0,3,0,5,0.0,0.0659
buildup_apr,IAEA,0,0,0,0,,0.0135
buildup_apr,IRAN,1,3,1,13,0.0714,0.1604
buildup_apr,IRAQ,0,0,0,0,,0.0135
buildup_apr,ISRAEL,1,1,1,1,0.5,0.025
buildup_apr,KHAMENEI,1,0,1,0,1.0,0.0135
buildup_apr,LEBANON,0,0,0,0,,0.0135
buildup_apr,NATO,0,0,0,0,,0.0135
buildup_apr,NETANYAHU,0,0,0,0,,0.0135
buildup_apr,OBAMA,0,0,0,0,,0.0135
buildup_apr,OMAN,0,0,0,0,,0.0135
buildup_apr,PEZESHKIAN,0,0,0,0,,0.0135
buildup_apr,PUTIN,0,1,0,2,0.0,0.025
buildup_apr,QATAR,0,0,0,0,,0.0135
buildup_apr,REPUBLICANS,0,0,0,0,,0.0135
buildup_apr,RUBIO,0,0,0,0,,0.0135
buildup_apr,RUSSIA,0,0,0,0,,0.0135
buildup_apr,SAUDI_ARABIA,1,0,2,0,1.0,0.0135
buildup_apr,SYRIA,0,0,0,0,,0.0135
buildup_apr,TRUMP,3,0,12,0,1.0,0.0135
buildup_apr,UAE,0,0,0,0,,0.0135
buildup_apr,UK,0,0,0,0,,0.0135
buildup_apr,UKRAINE,0,0,0,0,,0.0135
buildup_apr,UN_SECURITY_COUNCIL,0,0,0,0,,0.0135
buildup_apr,USA,2,3,4,3,0.5714,0.1834
buildup_apr,US_CONGRESS,0,0,0,0,,0.0135
buildup_apr,US_SENATE,0,0,0,0,,0.0135
buildup_apr,VANCE,0,0,0,0,,0.0135
buildup_apr,WITKOFF,0,0,0,0,,0.0135
buildup_apr,YEMEN,0,0,0,0,,0.0135
buildup_may,ARAGHCHI,0,0,0,0,,0.0171
buildup_may,BAHRAIN,0,0,0,0,,0.0171
buildup_may,BIDEN,0,0,0,0,,0.0171
buildup_may,CHINA,0,0,0,0,,0.0171
buildup_may,DEMOCRATS,0,0,0,0,,0.0171
buildup_may,EU,0,1,0,1,0.0,0.0906
buildup_may,FRANCE,0,0,0,0,,0.0171
buildup_may,GAZA,0,0,0,0,,0.0171
buildup_may,GERMANY,0,0,0,0,,0.0171
buildup_may,GROSSI,0,0,0,0,,0.0171
buildup_may,GULF_STATES,0,0,0,0,,0.0171
buildup_may,HAMAS,1,1,1,1,0.5,0.0219
buildup_may,HEGSETH,1,0,1,0,1.0,0.0171
buildup_may,HEZBOLLAH,0,0,0,0,,0.0171
buildup_may,HOUTHIS,0,0,0,0,,0.0171
buildup_may,IAEA,0,0,0,0,,0.0171
buildup_may,IRAN,1,3,2,5,0.2857,0.071
buildup_may,IRAQ,0,0,0,0,,0.0171
buildup_may,ISRAEL,1,1,2,1,0.6667,0.0357
buildup_may,KHAMENEI,0,0,0,0,,0.0171
buildup_may,LEBANON,0,0,0,0,,0.0171
buildup_may,NATO,0,0,0,0,,0.0171
buildup_may,NETANYAHU,0,1,0,1,0.0,0.0216
buildup_may,OBAMA,0,0,0,0,,0.0171
buildup_may,OMAN,0,0,0,0,,0.0171
buildup_may,PEZESHKIAN,0,0,0,0,,0.0171
buildup_may,PUTIN,0,0,0,0,,0.0171
buildup_may,QATAR,2,0,3,0,1.0,0.0171
buildup_may,REPUBLICANS,0,0,0,0,,0.0171
buildup_may,RUBIO,0,0,0,0,,0.0171
buildup_may,RUSSIA,1,0,2,0,1.0,0.0171
buildup_may,SAUDI_ARABIA,0,0,0,0,,0.0171
buildup_may,SYRIA,0,0,0,0,,0.0171
buildup_may,TRUMP,3,1,5,2,0.7143,0.0267
buildup_may,UAE,0,0,0,0,,0.0171
buildup_may,UK,0,0,0,0,,0.0171
buildup_may,UKRAINE,0,1,0,2,0.0,0.0316
buildup_may,UN_SECURITY_COUNCIL,0,0,0,0,,0.0171
buildup_may,USA,1,2,1,4,0.2,0.0865
buildup_may,US_CONGRESS,0,0,0,0,,0.0171
buildup_may,US_SENATE,0,0,0,0,,0.0171
buildup_may,VANCE,0,0,0,0,,0.0171
buildup_may,WITKOFF,0,0,0,0,,0.0171
buildup_may,YEMEN,0,0,0,0,,0.0171
buildup_jun1,ARAGHCHI,0,0,0,0,,0.02
buildup_jun1,BAHRAIN,0,0,0,0,,0.02
buildup_jun1,BIDEN,0,0,0,0,,0.02
buildup_jun1,CHINA,0,0,0,0,,0.02
buildup_jun1,DEMOCRATS,0,0,0,0,,0.02
buildup_jun1,EU,0,0,0,0,,0.02
buildup_jun1,FRANCE,0,0,0,0,,0.02
buildup_jun1,GAZA,0,0,0,0,,0.02
buildup_jun1,GERMANY,0,0,0,0,,0.02
buildup_jun1,GROSSI,0,0,0,0,,0.02
buildup_jun1,GULF_STATES,0,0,0,0,,0.02
buildup_jun1,HAMAS,0,0,0,0,,0.02
buildup_jun1,HEGSETH,0,0,0,0,,0.02
buildup_jun1,HEZBOLLAH,1,0,1,0,1.0,0.02
buildup_jun1,HOUTHIS,0,0,0,0,,0.02
buildup_jun1,IAEA,0,0,0,0,,0.02
buildup_jun1,IRAN,0,3,0,11,0.0,0.0853
buildup_jun1,IRAQ,0,0,0,0,,0.02
buildup_jun1,ISRAEL,1,1,9,1,0.9,0.0369
buildup_jun1,KHAMENEI,0,0,0,0,,0.02
buildup_jun1,LEBANON,0,0,0,0,,0.02
buildup_jun1,NATO,0,0,0,0,,0.02
buildup_jun1,NETANYAHU,0,1,0,3,0.0,0.0301
buildup_jun1,OBAMA,0,0,0,0,,0.02
buildup_jun1,OMAN,0,0,0,0,,0.02
buildup_jun1,PEZESHKIAN,0,0,0,0,,0.02
buildup_jun1,PUTIN,1,1,1,2,0.3333,0.0267
buildup_jun1,QATAR,0,0,0,0,,0.02
buildup_jun1,REPUBLICANS,0,0,0,0,,0.02
buildup_jun1,RUBIO,1,0,1,0,1.0,0.02
buildup_jun1,RUSSIA,0,0,0,0,,0.02
buildup_jun1,SAUDI_ARABIA,0,0,0,0,,0.02
buildup_jun1,SYRIA,0,0,0,0,,0.02
buildup_jun1,TRUMP,2,0,5,0,1.0,0.02
buildup_jun1,UAE,0,0,0,0,,0.02
buildup_jun1,UK,0,0,0,0,,0.02
buildup_jun1,UKRAINE,0,1,0,1,0.0,0.0427
buildup_jun1,UN_SECURITY_COUNCIL,0,0,0,0,,0.02
buildup_jun1,USA,1,0,1,0,1.0,0.02
buildup_jun1,US_CONGRESS,0,0,0,0,,0.02
buildup_jun1,US_SENATE,0,0,0,0,,0.02
buildup_jun1,VANCE,0,0,0,0,,0.02
buildup_jun1,WITKOFF,0,0,0,0,,0.02
buildup_jun1,YEMEN,0,0,0,0,,0.02
climax_w1,ARAGHCHI,0,0,0,0,,0.0094
climax_w1,BAHRAIN,0,0,0,0,,0.0094
climax_w1,BIDEN,0,0,0,0,,0.0094
climax_w1,CHINA,1,0,1,0,1.0,0.0094
climax_w1,DEMOCRATS,0,0,0,0,,0.0094
climax_w1,EU,0,1,0,1,0.0,0.0196
climax_w1,FRANCE,0,0,0,0,,0.0094
climax_w1,GAZA,0,0,0,0,,0.0094
climax_w1,GERMANY,0,0,0,0,,0.0094
climax_w1,GROSSI,0,0,0,0,,0.0094
climax_w1,GULF_STATES,0,0,0,0,,0.0094
climax_w1,HAMAS,1,0,1,0,1.0,0.0094
climax_w1,HEGSETH,0,0,0,0,,0.0094
climax_w1,HEZBOLLAH,1,0,1,0,1.0,0.0094
climax_w1,HOUTHIS,1,0,2,0,1.0,0.0094
climax_w1,IAEA,1,0,1,0,1.0,0.0094
climax_w1,IRAN,2,6,3,64,0.0448,0.254
climax_w1,IRAQ,0,0,0,0,,0.0094
climax_w1,ISRAEL,2,5,37,12,0.7551,0.1615
climax_w1,KHAMENEI,2,2,2,2,0.5,0.0142
climax_w1,LEBANON,0,0,0,0,,0.0094
climax_w1,NATO,0,0,0,0,,0.0094
climax_w1,NETANYAHU,1,1,1,1,0.5,0.0104
climax_w1,OBAMA,0,0,0,0,,0.0094
climax_w1,OMAN,0,0,0,0,,0.0094
climax_w1,PEZESHKIAN,0,0,0,0,,0.0094
climax_w1,PUTIN,0,0,0,0,,0.0094
climax_w1,QATAR,0,0,0,0,,0.0094
climax_w1,REPUBLICANS,0,0,0,0,,0.0094
climax_w1,RUBIO,1,0,4,0,1.0,0.0094
climax_w1,RUSSIA,0,0,0,0,,0.0094
climax_w1,SAUDI_ARABIA,0,0,0,0,,0.0094
climax_w1,SYRIA,0,0,0,0,,0.0094
climax_w1,TRUMP,4,2,20,2,0.9091,0.0235
climax_w1,UAE,0,0,0,0,,0.0094
climax_w1,UK,0,0,0,0,,0.0094
climax_w1,UKRAINE,0,0,0,0,,0.0094
climax_w1,UN_SECURITY_COUNCIL,0,0,0,0,,0.0094
climax_w1,USA,3,3,14,5,0.7368,0.1674
climax_w1,US_CONGRESS,0,0,0,0,,0.0094
climax_w1,US_SENATE,0,0,0,0,,0.0094
climax_w1,VANCE,0,0,0,0,,0.0094
climax_w1,WITKOFF,0,0,0,0,,0.0094
climax_w1,YEMEN,0,0,0,0,,0.0094
climax_w2,ARAGHCHI,0,0,0,0,,0.0107
climax_w2,BAHRAIN,0,0,0,0,,0.0107
climax_w2,BIDEN,0,0,0,0,,0.0107
climax_w2,CHINA,1,0,1,0,1.0,0.0107
climax_w2,DEMOCRATS,3,0,3,0,1.0,0.0107
climax_w2,EU,0,0,0,0,,0.0107
climax_w2,FRANCE,1,0,1,0,1.0,0.0107
climax_w2,GAZA,0,0,0,0,,0.0107
climax_w2,GERMANY,0,0,0,0,,0.0107
climax_w2,GROSSI,0,0,0,0,,0.0107
climax_w2,GULF_STATES,0,0,0,0,,0.0107
climax_w2,HAMAS,1,0,4,0,1.0,0.0107
climax_w2,HEGSETH,0,0,0,0,,0.0107
climax_w2,HEZBOLLAH,0,0,0,0,,0.0107
climax_w2,HOUTHIS,1,1,1,2,0.3333,0.0115
climax_w2,IAEA,0,0,0,0,,0.0107
climax_w2,IRAN,3,6,23,121,0.1597,0.2481
climax_w2,IRAQ,1,0,2,0,1.0,0.0107
climax_w2,ISRAEL,3,4,44,20,0.6875,0.1246
climax_w2,KHAMENEI,1,2,3,6,0.3333,0.0172
climax_w2,LEBANON,0,0,0,0,,0.0107
climax_w2,NATO,0,0,0,0,,0.0107
climax_w2,NETANYAHU,0,2,0,2,0.0,0.0159
climax_w2,OBAMA,0,0,0,0,,0.0107
climax_w2,OMAN,0,0,0,0,,0.0107
climax_w2,PEZESHKIAN,0,0,0,0,,0.0107
climax_w2,PUTIN,1,0,1,0,1.0,0.0107
climax_w2,QATAR,0,1,0,1,0.0,0.0199
climax_w2,REPUBLICANS,0,1,0,1,0.0,0.0137
climax_w2,RUBIO,0,0,0,0,,0.0107
climax_w2,RUSSIA,1,0,1,0,1.0,0.0107
climax_w2,SAUDI_ARABIA,0,1,0,1,0.0,0.0205
climax_w2,SYRIA,0,0,0,0,,0.0107
climax_w2,TRUMP,4,2,42,4,0.913,0.0209
climax_w2,UAE,0,0,0,0,,0.0107
climax_w2,UK,0,0,0,0,,0.0107
climax_w2,UKRAINE,0,2,0,2,0.0,0.0289
climax_w2,UN_SECURITY_COUNCIL,0,0,0,0,,0.0107
climax_w2,USA,3,2,48,14,0.7742,0.1262
climax_w2,US_CONGRESS,0,0,0,0,,0.0107
climax_w2,US_SENATE,0,0,0,0,,0.0107
climax_w2,VANCE,0,0,0,0,,0.0107
climax_w2,WITKOFF,0,0,0,0,,0.0107
climax_w2,YEMEN,0,0,0,0,,0.0107
aftermath_jun-jul,ARAGHCHI,0,0,0,0,,0.0104
aftermath_jun-jul,BAHRAIN,0,0,0,0,,0.0104
aftermath_jun-jul,BIDEN,0,0,0,0,,0.0104
aftermath_jun-jul,CHINA,1,0,2,0,1.0,0.0104
aftermath_jun-jul,DEMOCRATS,0,0,0,0,,0.0104
aftermath_jun-jul,EU,0,0,0,0,,0.0104
aftermath_jun-jul,FRANCE,0,0,0,0,,0.0104
aftermath_jun-jul,GAZA,0,0,0,0,,0.0104
aftermath_jun-jul,GERMANY,0,0,0,0,,0.0104
aftermath_jun-jul,GROSSI,0,0,0,0,,0.0104
aftermath_jun-jul,GULF_STATES,0,0,0,0,,0.0104
aftermath_jun-jul,HAMAS,1,0,6,0,1.0,0.0104
aftermath_jun-jul,HEGSETH,0,0,0,0,,0.0104
aftermath_jun-jul,HEZBOLLAH,1,0,1,0,1.0,0.0104
aftermath_jun-jul,HOUTHIS,0,1,0,1,0.0,0.0187
aftermath_jun-jul,IAEA,0,0,0,0,,0.0104
aftermath_jun-jul,IRAN,2,4,7,50,0.1228,0.2508
aftermath_jun-jul,IRAQ,0,0,0,0,,0.0104
aftermath_jun-jul,ISRAEL,2,4,35,12,0.7447,0.1525
aftermath_jun-jul,KHAMENEI,2,0,2,0,1.0,0.0104
aftermath_jun-jul,LEBANON,0,1,0,2,0.0,0.0178
aftermath_jun-jul,NATO,0,0,0,0,,0.0104
aftermath_jun-jul,NETANYAHU,0,1,0,1,0.0,0.0129
aftermath_jun-jul,OBAMA,0,1,0,1,0.0,0.0129
aftermath_jun-jul,OMAN,0,0,0,0,,0.0104
aftermath_jun-jul,PEZESHKIAN,1,0,1,0,1.0,0.0104
aftermath_jun-jul,PUTIN,0,0,0,0,,0.0104
aftermath_jun-jul,QATAR,0,0,0,0,,0.0104
aftermath_jun-jul,REPUBLICANS,1,0,1,0,1.0,0.0104
aftermath_jun-jul,RUBIO,0,0,0,0,,0.0104
aftermath_jun-jul,RUSSIA,1,0,1,0,1.0,0.0104
aftermath_jun-jul,SAUDI_ARABIA,0,0,0,0,,0.0104
aftermath_jun-jul,SYRIA,0,0,0,0,,0.0104
aftermath_jun-jul,TRUMP,5,2,8,2,0.8,0.0237
aftermath_jun-jul,UAE,0,0,0,0,,0.0104
aftermath_jun-jul,UK,1,0,1,0,1.0,0.0104
aftermath_jun-jul,UKRAINE,0,1,0,1,0.0,0.0193
aftermath_jun-jul,UN_SECURITY_COUNCIL,0,0,0,0,,0.0104
aftermath_jun-jul,USA,2,5,13,8,0.619,0.1265
aftermath_jun-jul,US_CONGRESS,0,0,0,0,,0.0104
aftermath_jun-jul,US_SENATE,0,0,0,0,,0.0104
aftermath_jun-jul,VANCE,0,0,0,0,,0.0104
aftermath_jun-jul,WITKOFF,0,0,0,0,,0.0104
aftermath_jun-jul,YEMEN,0,0,0,0,,0.0104
aftermath_aug,ARAGHCHI,0,0,0,0,,0.0176
aftermath_aug,BAHRAIN,0,0,0,0,,0.0176
aftermath_aug,BIDEN,0,0,0,0,,0.0176
aftermath_aug,CHINA,0,0,0,0,,0.0176
aftermath_aug,DEMOCRATS,0,0,0,0,,0.0176
aftermath_aug,EU,1,0,5,0,1.0,0.0176
aftermath_aug,FRANCE,0,0,0,0,,0.0176
aftermath_aug,GAZA,0,0,0,0,,0.0176
aftermath_aug,GERMANY,0,0,0,0,,0.0176
aftermath_aug,GROSSI,0,1,0,5,0.0,0.0503
aftermath_aug,GULF_STATES,0,0,0,0,,0.0176
aftermath_aug,HAMAS,0,1,0,1,0.0,0.0238
aftermath_aug,HEGSETH,0,0,0,0,,0.0176
aftermath_aug,HEZBOLLAH,0,0,0,0,,0.0176
aftermath_aug,HOUTHIS,0,0,0,0,,0.0176
aftermath_aug,IAEA,0,1,0,3,0.0,0.0372
aftermath_aug,IRAN,4,5,14,11,0.56,0.1078
aftermath_aug,IRAQ,0,0,0,0,,0.0176
aftermath_aug,ISRAEL,3,1,6,4,0.6,0.0438
aftermath_aug,KHAMENEI,0,0,0,0,,0.0176
aftermath_aug,LEBANON,0,0,0,0,,0.0176
aftermath_aug,NATO,0,0,0,0,,0.0176
aftermath_aug,NETANYAHU,0,0,0,0,,0.0176
aftermath_aug,OBAMA,0,0,0,0,,0.0176
aftermath_aug,OMAN,0,0,0,0,,0.0176
aftermath_aug,PEZESHKIAN,0,0,0,0,,0.0176
aftermath_aug,PUTIN,0,1,0,1,0.0,0.0226
aftermath_aug,QATAR,0,0,0,0,,0.0176
aftermath_aug,REPUBLICANS,0,0,0,0,,0.0176
aftermath_aug,RUBIO,0,0,0,0,,0.0176
aftermath_aug,RUSSIA,0,2,0,2,0.0,0.0376
aftermath_aug,SAUDI_ARABIA,0,0,0,0,,0.0176
aftermath_aug,SYRIA,0,0,0,0,,0.0176
aftermath_aug,TRUMP,3,0,3,0,1.0,0.0176
aftermath_aug,UAE,0,0,0,0,,0.0176
aftermath_aug,UK,1,0,1,0,1.0,0.0176
aftermath_aug,UKRAINE,1,0,1,0,1.0,0.0176
aftermath_aug,UN_SECURITY_COUNCIL,0,0,0,0,,0.0176
aftermath_aug,USA,1,2,1,4,0.2,0.0431
aftermath_aug,US_CONGRESS,0,0,0,0,,0.0176
aftermath_aug,US_SENATE,0,0,0,0,,0.0176
aftermath_aug,VANCE,0,0,0,0,,0.0176
aftermath_aug,WITKOFF,0,0,0,0,,0.0176
aftermath_aug,YEMEN,0,0,0,0,,0.0176
