article_id,window,links_A,mil_A,links_B,mil_B,share_A,share_B,phase
0001,buildup_may,15,0,7,0,0.0,0.0,buildup
0002,buildup_apr,82,23,27,7,0.2804878048780488,0.25925925925925924,buildup
0003,buildup_may,38,6,17,2,0.15789473684210525,0.11764705882352941,buildup
0004,buildup_apr,49,16,19,7,0.32653061224489793,0.3684210526315789,buildup
0005,buildup_may,15,0,9,0,0.0,0.0,buildup
0006,buildup_may,20,1,12,1,0.05,0.08333333333333333,buildup
0007,buildup_may,29,0,15,0,0.0,0.0,buildup
0008,buildup_apr,42,17,15,7,0.40476190476190477,0.4666666666666667,buildup
0009,buildup_apr,9,0,4,0,0.0,0.0,buildup
0010,buildup_apr,49,8,23,3,0.16326530612244897,0.13043478260869565,buildup
0011,buildup_mar,23,0,9,0,0.0,0.0,buildup
0012,buildup_may,19,3,10,2,0.15789473684210525,0.2,buildup
0013,buildup_mar,30,0,11,0,0.0,0.0,buildup
0014,buildup_may,28,0,15,0,0.0,0.0,buildup
0015,buildup_apr,18,0,11,0,0.0,0.0,buildup
0016,buildup_may,13,0,6,0,0.0,0.0,buildup
0017,buildup_mar,42,16,15,6,0.38095238095238093,0.4,buildup
0018,buildup_may,16,0,9,0,0.0,0.0,buildup
0019,buildup_apr,30,0,21,0,0.0,0.0,buildup
0020,buildup_apr,27,5,11,2,0.18518518518518517,0.18181818181818182,buildup
0021,buildup_mar,36,3,15,1,0.08333333333333333,0.06666666666666667,buildup
0022,buildup_may,10,0,7,0,0.0,0.0,buildup
0023,buildup_mar,34,10,14,4,0.29411764705882354,0.2857142857142857,buildup
0024,buildup_may,47,11,26,5,0.23404255319148937,0.19230769230769232,buildup
0025,buildup_apr,39,7,18,3,0.1794871794871795,0.16666666666666666,buildup
0026,buildup_apr,26,0,19,0,0.0,0.0,buildup
0027,buildup_may,13,2,7,1,0.15384615384615385,0.14285714285714285,buildup
0028,buildup_apr,31,8,13,3,0.25806451612903225,0.23076923076923078,buildup
0029,buildup_may,28,3,17,1,0.10714285714285714,0.058823529411764705,buildup
0030,buildup_may,8,1,5,1,0.125,0.2,buildup
0031,buildup_mar,29,0,16,0,0.0,0.0,buildup
0032,buildup_may,10,0,5,0,0.0,0.0,buildup
0033,buildup_may,15,0,7,0,0.0,0.0,buildup
0034,buildup_may,24,0,10,0,0.0,0.0,buildup
0035,buildup_mar,4,0,3,0,0.0,0.0,buildup
0036,buildup_may,15,0,9,0,0.0,0.0,buildup
0037,buildup_may,14,0,6,0,0.0,0.0,buildup
0038,buildup_may,24,0,11,0,0.0,0.0,buildup
0039,buildup_apr,34,5,14,2,0.14705882352941177,0.14285714285714285,buildup
0040,buildup_may,28,0,19,0,0.0,0.0,buildup
0041,buildup_mar,29,0,16,0,0.0,0.0,buildup
0042,buildup_mar,20,0,13,0,0.0,0.0,buildup
0043,buildup_may,23,0,11,0,0.0,0.0,buildup
0044,buildup_may,12,0,7,0,0.0,0.0,buildup
0045,buildup_may,18,4,9,1,0.2222222222222222,0.1111111111111111,buildup
0046,buildup_mar,54,0,33,0,0.0,0.0,buildup
0047,buildup_apr,34,3,15,1,0.08823529411764706,0.06666666666666667,buildup
0048,buildup_apr,21,0,6,0,0.0,0.0,buildup
0049,buildup_mar,23,0,10,0,0.0,0.0,buildup
0050,buildup_apr,12,1,7,1,0.08333333333333333,0.14285714285714285,buildup
0051,buildup_apr,23,0,12,0,0.0,0.0,buildup
0052,buildup_may,12,0,6,0,0.0,0.0,buildup
0053,buildup_apr,15,0,5,0,0.0,0.0,buildup
0054,buildup_apr,23,0,12,0,0.0,0.0,buildup
0055,buildup_may,29,2,13,1,0.06896551724137931,0.07692307692307693,buildup
0056,buildup_may,43,0,17,0,0.0,0.0,buildup
0057,buildup_mar,34,0,17,0,0.0,0.0,buildup
0058,buildup_may,24,6,9,2,0.25,0.2222222222222222,buildup
0059,buildup_apr,31,0,9,0,0.0,0.0,buildup
0060,buildup_mar,45,0,28,0,0.0,0.0,buildup
0061,buildup_apr,58,1,20,1,0.017241379310344827,0.05,buildup
0062,buildup_apr,30,5,12,2,0.16666666666666666,0.16666666666666666,buildup
0063,buildup_may,23,0,12,0,0.0,0.0,buildup
0064,buildup_apr,16,2,6,1,0.125,0.16666666666666666,buildup
0065,buildup_mar,17,4,8,1,0.23529411764705882,0.125,buildup
0066,buildup_mar,48,16,17,6,0.3333333333333333,0.35294117647058826,buildup
0067,buildup_apr,10,0,3,0,0.0,0.0,buildup
0068,buildup_apr,8,1,5,1,0.125,0.2,buildup
0069,buildup_apr,21,0,18,0,0.0,0.0,buildup
0070,buildup_mar,17,0,8,0,0.0,0.0,buildup
0071,buildup_may,22,0,11,0,0.0,0.0,buildup
0072,buildup_apr,9,0,5,0,0.0,0.0,buildup
0073,buildup_apr,12,0,5,0,0.0,0.0,buildup
0074,buildup_apr,16,0,6,0,0.0,0.0,buildup
0075,buildup_apr,19,2,9,1,0.10526315789473684,0.1111111111111111,buildup
0076,buildup_mar,18,2,7,1,0.1111111111111111,0.14285714285714285,buildup
0077,buildup_may,16,0,9,0,0.0,0.0,buildup
0078,buildup_may,12,0,5,0,0.0,0.0,buildup
0079,buildup_mar,21,0,7,0,0.0,0.0,buildup
0080,buildup_apr,29,0,15,0,0.0,0.0,buildup
0081,buildup_apr,24,0,10,0,0.0,0.0,buildup
0082,buildup_apr,14,0,9,0,0.0,0.0,buildup
0083,buildup_apr,24,0,14,0,0.0,0.0,buildup
0084,buildup_apr,15,0,9,0,0.0,0.0,buildup
0085,buildup_apr,13,0,6,0,0.0,0.0,buildup
0086,buildup_apr,17,0,10,0,0.0,0.0,buildup
0087,buildup_may,10,0,6,0,0.0,0.0,buildup
0088,buildup_mar,43,0,13,0,0.0,0.0,buildup
0089,buildup_apr,14,0,13,0,0.0,0.0,buildup
0090,buildup_mar,27,0,8,0,0.0,0.0,buildup
0091,buildup_apr,11,0,9,0,0.0,0.0,buildup
0092,buildup_apr,25,0,14,0,0.0,0.0,buildup
0093,buildup_apr,24,2,11,1,0.08333333333333333,0.09090909090909091,buildup
0094,buildup_apr,25,4,11,2,0.16,0.18181818181818182,buildup
0095,buildup_mar,47,6,22,3,0.1276595744680851,0.13636363636363635,buildup
0096,buildup_apr,21,1,12,1,0.047619047619047616,0.08333333333333333,buildup
0097,buildup_may,21,2,14,1,0.09523809523809523,0.07142857142857142,buildup
0098,buildup_may,18,0,12,0,0.0,0.0,buildup
0099,buildup_apr,14,0,7,0,0.0,0.0,buildup
0100,buildup_apr,21,0,10,0,0.0,0.0,buildup
0101,buildup_apr,12,0,5,0,0.0,0.0,buildup
0102,buildup_mar,37,8,17,3,0.21621621621621623,0.17647058823529413,buildup
0103,buildup_may,20,2,6,1,0.1,0.16666666666666666,buildup
0104,buildup_may,11,0,9,0,0.0,0.0,buildup
0105,buildup_may,10,0,5,0,0.0,0.0,buildup
0106,buildup_apr,25,14,7,4,0.56,0.5714285714285714,buildup
0107,buildup_may,31,0,12,0,0.0,0.0,buildup
0108,buildup_mar,17,0,8,0,0.0,0.0,buildup
0109,buildup_apr,5,0,2,0,0.0,0.0,buildup
0110,buildup_apr,19,2,8,1,0.10526315789473684,0.125,buildup
0111,buildup_apr,10,1,6,1,0.1,0.16666666666666666,buildup
0112,buildup_apr,10,1,6,1,0.1,0.16666666666666666,buildup
0113,buildup_mar,13,0,6,0,0.0,0.0,buildup
0114,buildup_mar,15,0,10,0,0.0,0.0,buildup
0115,buildup_mar,13,0,6,0,0.0,0.0,buildup
0116,buildup_apr,27,6,16,3,0.2222222222222222,0.1875,buildup
0117,buildup_mar,37,0,16,0,0.0,0.0,buildup
0118,buildup_mar,12,0,7,0,0.0,0.0,buildup
0119,buildup_may,3,0,2,0,0.0,0.0,buildup
0120,buildup_may,4,0,3,0,0.0,0.0,buildup
0121,buildup_apr,32,0,12,0,0.0,0.0,buildup
0122,buildup_may,25,0,11,0,0.0,0.0,buildup
0123,buildup_apr,25,0,7,0,0.0,0.0,buildup
0124,buildup_may,15,5,6,2,0.3333333333333333,0.3333333333333333,buildup
0125,buildup_apr,14,0,6,0,0.0,0.0,buildup
0126,buildup_may,7,0,2,0,0.0,0.0,buildup
0127,buildup_may,17,1,7,1,0.058823529411764705,0.14285714285714285,buildup
0128,buildup_may,9,0,5,0,0.0,0.0,buildup
0129,buildup_may,10,0,4,0,0.0,0.0,buildup
0130,buildup_apr,5,0,3,0,0.0,0.0,buildup
0131,buildup_mar,32,0,23,0,0.0,0.0,buildup
0132,buildup_mar,37,0,17,0,0.0,0.0,buildup
0133,buildup_may,44,0,13,0,0.0,0.0,buildup
0134,buildup_may,7,0,2,0,0.0,0.0,buildup
0135,buildup_mar,32,3,14,1,0.09375,0.07142857142857142,buildup
0136,buildup_may,5,0,3,0,0.0,0.0,buildup
0137,buildup_may,14,0,5,0,0.0,0.0,buildup
0138,buildup_apr,16,0,6,0,0.0,0.0,buildup
0139,buildup_apr,11,5,7,3,0.45454545454545453,0.42857142857142855,buildup
0140,buildup_apr,14,2,6,1,0.14285714285714285,0.16666666666666666,buildup
0141,buildup_may,17,2,9,1,0.11764705882352941,0.1111111111111111,buildup
0142,buildup_apr,17,0,6,0,0.0,0.0,buildup
0143,buildup_mar,16,0,6,0,0.0,0.0,buildup
0144,buildup_apr,9,0,5,0,0.0,0.0,buildup
0145,buildup_may,14,0,6,0,0.0,0.0,buildup
0146,buildup_may,13,0,6,0,0.0,0.0,buildup
0147,buildup_apr,6,0,4,0,0.0,0.0,buildup
0148,buildup_apr,18,0,11,0,0.0,0.0,buildup
0149,buildup_may,11,4,4,1,0.36363636363636365,0.25,buildup
0150,buildup_may,11,0,4,0,0.0,0.0,buildup
0151,buildup_apr,6,0,2,0,0.0,0.0,buildup
0152,buildup_may,10,0,3,0,0.0,0.0,buildup
0153,buildup_may,16,0,7,0,0.0,0.0,buildup
0154,buildup_may,11,0,5,0,0.0,0.0,buildup
0155,buildup_mar,17,6,8,3,0.35294117647058826,0.375,buildup
0156,buildup_apr,6,0,3,0,0.0,0.0,buildup
0157,buildup_may,12,7,4,2,0.5833333333333334,0.5,buildup
0158,buildup_jun1,18,0,7,0,0.0,0.0,buildup
0159,buildup_jun1,5,5,2,2,1.0,1.0,buildup
0160,buildup_jun1,37,16,16,6,0.43243243243243246,0.375,buildup
0161,buildup_jun1,28,0,18,0,0.0,0.0,buildup
0162,buildup_jun1,19,0,10,0,0.0,0.0,buildup
0163,buildup_jun1,23,0,10,0,0.0,0.0,buildup
0164,buildup_jun1,23,0,10,0,0.0,0.0,buildup
0165,buildup_jun1,26,0,12,0,0.0,0.0,buildup
0166,climax_w1,15,14,8,7,0.9333333333333333,0.875,climax
0167,buildup_jun1,19,6,10,4,0.3157894736842105,0.4,buildup
0168,buildup_jun1,17,0,9,0,0.0,0.0,buildup
0169,climax_w1,27,20,16,12,0.7407407407407407,0.75,climax
0170,climax_w1,31,17,15,8,0.5483870967741935,0.5333333333333333,climax
0171,buildup_jun1,34,0,13,0,0.0,0.0,buildup
0172,buildup_jun1,12,0,6,0,0.0,0.0,buildup
0173,climax_w1,15,9,8,5,0.6,0.625,climax
0174,buildup_jun1,17,0,8,0,0.0,0.0,buildup
0175,buildup_jun1,9,0,4,0,0.0,0.0,buildup
0176,buildup_jun1,16,0,8,0,0.0,0.0,buildup
0177,buildup_jun1,25,0,11,0,0.0,0.0,buildup
0178,climax_w1,18,9,7,3,0.5,0.42857142857142855,climax
0179,buildup_jun1,63,0,41,0,0.0,0.0,buildup
0180,buildup_jun1,8,0,4,0,0.0,0.0,buildup
0181,buildup_jun1,22,0,9,0,0.0,0.0,buildup
0182,buildup_jun1,14,0,6,0,0.0,0.0,buildup
0183,buildup_jun1,13,0,7,0,0.0,0.0,buildup
0184,buildup_jun1,16,0,7,0,0.0,0.0,buildup
0185,climax_w1,21,18,9,8,0.8571428571428571,0.8888888888888888,climax
0186,buildup_jun1,48,0,35,0,0.0,0.0,buildup
0187,buildup_jun1,24,0,9,0,0.0,0.0,buildup
0188,buildup_jun1,8,0,4,0,0.0,0.0,buildup
0189,buildup_jun1,6,0,2,0,0.0,0.0,buildup
0190,buildup_jun1,26,0,12,0,0.0,0.0,buildup
0191,climax_w1,11,10,5,4,0.9090909090909091,0.8,climax
0192,buildup_jun1,26,0,12,0,0.0,0.0,buildup
0193,buildup_jun1,22,0,8,0,0.0,0.0,buildup
0194,climax_w1,18,12,8,5,0.6666666666666666,0.625,climax
0195,buildup_jun1,16,0,7,0,0.0,0.0,buildup
0196,buildup_jun1,48,0,20,0,0.0,0.0,buildup
0197,climax_w1,14,12,7,6,0.8571428571428571,0.8571428571428571,climax
0198,buildup_jun1,41,0,24,0,0.0,0.0,buildup
0199,climax_w1,5,5,3,3,1.0,1.0,climax
0200,buildup_jun1,5,0,1,0,0.0,0.0,buildup
0201,buildup_jun1,8,0,4,0,0.0,0.0,buildup
0202,buildup_jun1,16,0,6,0,0.0,0.0,buildup
0203,buildup_jun1,34,0,13,0,0.0,0.0,buildup
0204,buildup_jun1,4,0,2,0,0.0,0.0,buildup
0205,buildup_jun1,12,0,4,0,0.0,0.0,buildup
0206,climax_w1,9,9,6,6,1.0,1.0,climax
0207,buildup_jun1,15,0,5,0,0.0,0.0,buildup
0208,climax_w1,10,10,6,6,1.0,1.0,climax
0209,buildup_jun1,8,1,5,1,0.125,0.2,buildup
0210,buildup_jun1,4,4,2,2,1.0,1.0,buildup
0211,climax_w1,9,9,6,6,1.0,1.0,climax
0212,buildup_jun1,7,0,2,0,0.0,0.0,buildup
0213,buildup_jun1,26,0,10,0,0.0,0.0,buildup
0214,buildup_jun1,6,0,4,0,0.0,0.0,buildup
0215,buildup_jun1,4,0,2,0,0.0,0.0,buildup
0216,buildup_jun1,4,2,2,1,0.5,0.5,buildup
0217,buildup_jun1,12,6,8,4,0.5,0.5,buildup
0218,climax_w1,11,9,6,5,0.8181818181818182,0.8333333333333334,climax
0219,buildup_jun1,18,0,7,0,0.0,0.0,buildup
0220,buildup_jun1,9,0,3,0,0.0,0.0,buildup
0221,buildup_jun1,10,0,5,0,0.0,0.0,buildup
0222,climax_w2,26,14,11,6,0.5384615384615384,0.5454545454545454,climax
0223,climax_w1,15,10,9,6,0.6666666666666666,0.6666666666666666,climax
0224,climax_w1,30,14,16,8,0.4666666666666667,0.5,climax
0225,climax_w1,33,16,12,6,0.48484848484848486,0.5,climax
0226,aftermath_jun-jul,34,9,13,3,0.2647058823529412,0.23076923076923078,other
0227,aftermath_jun-jul,18,10,8,5,0.5555555555555556,0.625,other
0228,climax_w2,22,8,12,4,0.36363636363636365,0.3333333333333333,climax
0229,aftermath_jun-jul,16,11,7,5,0.6875,0.7142857142857143,other
0230,aftermath_jun-jul,28,11,11,5,0.39285714285714285,0.45454545454545453,other
0231,climax_w2,16,11,8,6,0.6875,0.75,climax
0232,aftermath_jun-jul,32,11,16,4,0.34375,0.25,other
0233,aftermath_jun-jul,25,9,12,5,0.36,0.4166666666666667,other
0234,climax_w2,50,18,21,7,0.36,0.3333333333333333,climax
0235,climax_w2,21,8,9,3,0.38095238095238093,0.3333333333333333,climax
0236,aftermath_jun-jul,48,20,17,7,0.4166666666666667,0.4117647058823529,other
0237,aftermath_jun-jul,12,5,6,3,0.4166666666666667,0.5,other
0238,aftermath_jun-jul,12,0,5,0,0.0,0.0,other
0239,aftermath_jun-jul,11,8,5,4,0.7272727272727273,0.8,other
0240,climax_w1,27,12,15,7,0.4444444444444444,0.4666666666666667,climax
0241,climax_w2,31,10,13,5,0.3225806451612903,0.38461538461538464,climax
0242,climax_w2,24,13,8,4,0.5416666666666666,0.5,climax
0243,aftermath_jun-jul,117,30,56,16,0.2564102564102564,0.2857142857142857,other
0244,climax_w2,15,10,6,4,0.6666666666666666,0.6666666666666666,climax
0245,climax_w1,30,18,17,10,0.6,0.5882352941176471,climax
0246,aftermath_jun-jul,19,8,6,2,0.42105263157894735,0.3333333333333333,other
0247,aftermath_jun-jul,13,6,7,4,0.46153846153846156,0.5714285714285714,other
0248,aftermath_jun-jul,23,11,9,5,0.4782608695652174,0.5555555555555556,other
0249,aftermath_jun-jul,32,13,15,5,0.40625,0.3333333333333333,other
0250,climax_w1,18,4,9,3,0.2222222222222222,0.3333333333333333,climax
0251,aftermath_jun-jul,18,7,7,2,0.3888888888888889,0.2857142857142857,other
0252,aftermath_jun-jul,11,8,5,4,0.7272727272727273,0.8,other
0253,aftermath_jun-jul,13,10,6,5,0.7692307692307693,0.8333333333333334,other
0254,climax_w1,27,12,15,7,0.4444444444444444,0.4666666666666667,climax
0255,climax_w2,24,11,13,5,0.4583333333333333,0.38461538461538464,climax
0256,aftermath_jun-jul,15,6,5,2,0.4,0.4,other
0257,aftermath_jun-jul,11,6,6,4,0.5454545454545454,0.6666666666666666,other
0258,aftermath_jun-jul,39,19,18,8,0.48717948717948717,0.4444444444444444,other
0259,aftermath_jun-jul,29,12,11,4,0.41379310344827586,0.36363636363636365,other
0260,climax_w1,44,6,21,3,0.13636363636363635,0.14285714285714285,climax
0261,climax_w2,38,11,16,4,0.2894736842105263,0.25,climax
0262,aftermath_jun-jul,21,5,10,2,0.23809523809523808,0.2,other
0263,climax_w1,45,16,15,5,0.35555555555555557,0.3333333333333333,climax
0264,climax_w1,22,5,9,2,0.22727272727272727,0.2222222222222222,climax
0265,aftermath_jun-jul,30,18,10,6,0.6,0.6,other
0266,climax_w1,28,25,11,9,0.8928571428571429,0.8181818181818182,climax
0267,aftermath_jun-jul,25,13,8,4,0.52,0.5,other
0268,climax_w1,31,15,17,8,0.4838709677419355,0.47058823529411764,climax
0269,aftermath_jun-jul,21,4,15,2,0.19047619047619047,0.13333333333333333,other
0270,climax_w1,39,20,10,5,0.5128205128205128,0.5,climax
0271,aftermath_jun-jul,11,6,6,3,0.5454545454545454,0.5,other
0272,aftermath_jun-jul,25,10,11,4,0.4,0.36363636363636365,other
0273,aftermath_jun-jul,68,23,37,11,0.3382352941176471,0.2972972972972973,other
0274,aftermath_jun-jul,20,4,10,3,0.2,0.3,other
0275,climax_w1,26,14,12,7,0.5384615384615384,0.5833333333333334,climax
0276,aftermath_jun-jul,27,6,12,3,0.2222222222222222,0.25,other
0277,aftermath_jun-jul,22,8,9,3,0.36363636363636365,0.3333333333333333,other
0278,climax_w1,9,8,6,5,0.8888888888888888,0.8333333333333334,climax
0279,aftermath_jun-jul,83,32,40,13,0.3855421686746988,0.325,other
0280,aftermath_jun-jul,20,11,11,6,0.55,0.5454545454545454,other
0281,aftermath_jun-jul,41,8,13,2,0.1951219512195122,0.15384615384615385,other
0282,aftermath_jun-jul,27,10,9,3,0.37037037037037035,0.3333333333333333,other
0283,climax_w1,48,16,26,8,0.3333333333333333,0.3076923076923077,climax
0284,climax_w2,16,8,6,3,0.5,0.5,climax
0285,climax_w1,29,15,14,6,0.5172413793103449,0.42857142857142855,climax
0286,climax_w2,10,4,6,2,0.4,0.3333333333333333,climax
0287,climax_w2,23,10,9,5,0.43478260869565216,0.5555555555555556,climax
0288,aftermath_jun-jul,33,14,15,6,0.42424242424242425,0.4,other
0289,aftermath_jun-jul,21,10,8,4,0.47619047619047616,0.5,other
0290,climax_w1,14,10,7,5,0.7142857142857143,0.7142857142857143,climax
0291,climax_w1,9,8,6,5,0.8888888888888888,0.8333333333333334,climax
0292,climax_w1,12,8,6,4,0.6666666666666666,0.6666666666666666,climax
0293,climax_w1,14,6,8,3,0.42857142857142855,0.375,climax
0294,climax_w1,23,19,12,10,0.8260869565217391,0.8333333333333334,climax
0295,climax_w1,44,11,26,6,0.25,0.23076923076923078,climax
0296,climax_w1,22,8,12,4,0.36363636363636365,0.3333333333333333,climax
0297,climax_w1,21,9,12,5,0.42857142857142855,0.4166666666666667,climax
0298,aftermath_jun-jul,7,7,4,4,1.0,1.0,other
0299,aftermath_jun-jul,6,5,5,4,0.8333333333333334,0.8,other
0300,climax_w2,14,11,9,7,0.7857142857142857,0.7777777777777778,climax
0301,climax_w2,9,8,6,5,0.8888888888888888,0.8333333333333334,climax
0302,climax_w1,19,10,9,5,0.5263157894736842,0.5555555555555556,climax
0303,aftermath_jun-jul,19,10,9,5,0.5263157894736842,0.5555555555555556,other
0304,aftermath_jun-jul,21,14,10,6,0.6666666666666666,0.6,other
0305,climax_w2,8,6,5,4,0.75,0.8,climax
0306,climax_w1,10,7,4,3,0.7,0.75,climax
0307,climax_w1,17,10,8,5,0.5882352941176471,0.625,climax
0308,climax_w1,19,10,12,6,0.5263157894736842,0.5,climax
0309,climax_w1,17,12,10,7,0.7058823529411765,0.7,climax
0310,climax_w2,16,11,8,6,0.6875,0.75,climax
0311,climax_w1,18,14,9,7,0.7777777777777778,0.7777777777777778,climax
0312,climax_w2,10,8,6,5,0.8,0.8333333333333334,climax
0313,aftermath_jun-jul,10,7,5,4,0.7,0.8,other
0314,climax_w1,15,11,6,4,0.7333333333333333,0.6666666666666666,climax
0315,climax_w1,17,12,8,6,0.7058823529411765,0.75,climax
0316,climax_w1,33,15,16,7,0.45454545454545453,0.4375,climax
0317,aftermath_jun-jul,21,8,8,3,0.38095238095238093,0.375,other
0318,climax_w1,8,3,4,2,0.375,0.5,climax
0319,climax_w2,9,9,5,5,1.0,1.0,climax
0320,aftermath_jun-jul,4,4,3,3,1.0,1.0,other
0321,climax_w1,21,13,6,4,0.6190476190476191,0.6666666666666666,climax
0322,climax_w1,27,12,18,8,0.4444444444444444,0.4444444444444444,climax
0323,climax_w2,21,11,14,7,0.5238095238095238,0.5,climax
0324,aftermath_jun-jul,19,10,8,4,0.5263157894736842,0.5,other
0325,climax_w1,20,9,10,4,0.45,0.4,climax
0326,climax_w2,19,6,9,4,0.3157894736842105,0.4444444444444444,climax
0327,climax_w1,17,9,6,3,0.5294117647058824,0.5,climax
0328,climax_w2,16,10,10,6,0.625,0.6,climax
0329,climax_w2,19,7,9,3,0.3684210526315789,0.3333333333333333,climax
0330,climax_w2,10,8,6,5,0.8,0.8333333333333334,climax
0331,climax_w2,14,12,9,8,0.8571428571428571,0.8888888888888888,climax
0332,climax_w1,14,12,7,6,0.8571428571428571,0.8571428571428571,climax
0333,climax_w1,20,10,9,4,0.5,0.4444444444444444,climax
0334,climax_w2,9,5,6,4,0.5555555555555556,0.6666666666666666,climax
0335,climax_w1,13,5,5,2,0.38461538461538464,0.4,climax
0336,aftermath_jun-jul,9,4,5,3,0.4444444444444444,0.6,other
0337,climax_w1,9,3,6,2,0.3333333333333333,0.3333333333333333,climax
0338,climax_w2,8,4,5,3,0.5,0.6,climax
0339,climax_w1,7,5,4,3,0.7142857142857143,0.75,climax
0340,climax_w2,9,8,6,5,0.8888888888888888,0.8333333333333334,climax
0341,climax_w2,7,5,5,4,0.7142857142857143,0.8,climax
0342,climax_w2,13,13,7,7,1.0,1.0,climax
0343,climax_w1,6,6,3,3,1.0,1.0,climax
0344,climax_w2,10,8,8,6,0.8,0.75,climax
0345,climax_w1,8,3,5,2,0.375,0.4,climax
0346,climax_w2,8,4,4,3,0.5,0.75,climax
0347,aftermath_jun-jul,4,4,3,3,1.0,1.0,other
0348,climax_w1,22,11,14,6,0.5,0.42857142857142855,climax
0349,climax_w1,9,7,6,5,0.7777777777777778,0.8333333333333334,climax
0350,climax_w2,10,10,6,6,1.0,1.0,climax
0351,climax_w2,9,4,6,3,0.4444444444444444,0.5,climax
0352,climax_w2,10,8,6,5,0.8,0.8333333333333334,climax
0353,climax_w1,15,11,8,6,0.7333333333333333,0.75,climax
0354,climax_w1,9,6,4,3,0.6666666666666666,0.75,climax
0355,climax_w2,10,10,6,6,1.0,1.0,climax
0356,climax_w1,9,7,5,4,0.7777777777777778,0.8,climax
0357,climax_w2,10,10,8,8,1.0,1.0,climax
0358,climax_w2,6,6,4,4,1.0,1.0,climax
0359,climax_w2,14,0,8,0,0.0,0.0,climax
0360,climax_w1,11,11,6,6,1.0,1.0,climax
0361,aftermath_jun-jul,21,3,6,1,0.14285714285714285,0.16666666666666666,other
0362,climax_w1,20,5,8,2,0.25,0.25,climax
0363,climax_w1,10,8,7,6,0.8,0.8571428571428571,climax
0364,climax_w2,11,8,7,5,0.7272727272727273,0.7142857142857143,climax
0365,climax_w1,6,4,4,3,0.6666666666666666,0.75,climax
0366,aftermath_jun-jul,8,4,6,3,0.5,0.5,other
0367,aftermath_jun-jul,13,3,5,1,0.23076923076923078,0.2,other
0368,climax_w2,9,8,6,5,0.8888888888888888,0.8333333333333334,climax
0369,climax_w1,11,9,6,5,0.8181818181818182,0.8333333333333334,climax
0370,climax_w2,6,0,3,0,0.0,0.0,climax
0371,climax_w1,15,10,7,5,0.6666666666666666,0.7142857142857143,climax
0372,climax_w2,6,4,4,3,0.6666666666666666,0.75,climax
0373,climax_w2,9,8,6,5,0.8888888888888888,0.8333333333333334,climax
0374,aftermath_jun-jul,19,4,8,2,0.21052631578947367,0.25,other
0375,climax_w1,25,11,7,3,0.44,0.42857142857142855,climax
0376,climax_w1,19,9,6,3,0.47368421052631576,0.5,climax
0377,climax_w2,14,6,8,3,0.42857142857142855,0.375,climax
0378,climax_w2,21,11,9,4,0.5238095238095238,0.4444444444444444,climax
0379,climax_w2,12,11,6,5,0.9166666666666666,0.8333333333333334,climax
0380,climax_w1,5,3,3,2,0.6,0.6666666666666666,climax
0381,aftermath_jun-jul,23,2,8,1,0.08695652173913043,0.125,other
0382,climax_w2,10,7,4,3,0.7,0.75,climax
0383,climax_w2,15,11,6,4,0.7333333333333333,0.6666666666666666,climax
0384,climax_w1,10,6,5,3,0.6,0.6,climax
0385,climax_w1,4,1,3,1,0.25,0.3333333333333333,climax
0386,climax_w1,9,5,5,2,0.5555555555555556,0.4,climax
0387,climax_w1,6,2,4,2,0.3333333333333333,0.5,climax
0388,climax_w1,8,2,5,1,0.25,0.2,climax
0389,climax_w1,8,4,5,3,0.5,0.6,climax
0390,climax_w2,7,7,5,5,1.0,1.0,climax
0391,climax_w2,16,4,11,3,0.25,0.2727272727272727,climax
0392,climax_w1,9,7,5,4,0.7777777777777778,0.8,climax
0393,climax_w2,7,7,5,5,1.0,1.0,climax
0394,climax_w2,6,4,4,3,0.6666666666666666,0.75,climax
0395,climax_w2,15,6,9,4,0.4,0.4444444444444444,climax
0396,climax_w1,9,7,6,5,0.7777777777777778,0.8333333333333334,climax
0397,climax_w2,6,6,4,4,1.0,1.0,climax
0398,climax_w1,7,7,4,4,1.0,1.0,climax
0399,climax_w1,8,4,4,2,0.5,0.5,climax
0400,climax_w1,4,4,2,2,1.0,1.0,climax
0401,aftermath_jun-jul,44,13,18,6,0.29545454545454547,0.3333333333333333,other
0402,aftermath_jun-jul,41,18,15,7,0.43902439024390244,0.4666666666666667,other
0403,aftermath_jun-jul,82,28,32,10,0.34146341463414637,0.3125,other
0404,aftermath_jun-jul,42,11,19,5,0.2619047619047619,0.2631578947368421,other
0405,aftermath_jun-jul,25,6,11,3,0.24,0.2727272727272727,other
0406,aftermath_jun-jul,33,12,13,5,0.36363636363636365,0.38461538461538464,other
0407,aftermath_jun-jul,40,12,13,3,0.3,0.23076923076923078,other
0408,aftermath_jun-jul,62,22,16,6,0.3548387096774194,0.375,other
0409,aftermath_jun-jul,27,13,13,6,0.48148148148148145,0.46153846153846156,other
0410,aftermath_jun-jul,25,13,9,5,0.52,0.5555555555555556,other
0411,aftermath_jun-jul,29,12,13,5,0.41379310344827586,0.38461538461538464,other
0412,aftermath_jun-jul,34,18,11,6,0.5294117647058824,0.5454545454545454,other
0413,aftermath_jun-jul,21,10,14,6,0.47619047619047616,0.42857142857142855,other
0414,aftermath_jun-jul,21,14,11,8,0.6666666666666666,0.7272727272727273,other
0415,aftermath_jun-jul,23,8,12,4,0.34782608695652173,0.3333333333333333,other
0416,aftermath_jun-jul,12,3,4,1,0.25,0.25,other
0417,aftermath_jun-jul,19,10,8,5,0.5263157894736842,0.625,other
0418,aftermath_jun-jul,22,14,9,6,0.6363636363636364,0.6666666666666666,other
0419,aftermath_jun-jul,28,9,11,3,0.32142857142857145,0.2727272727272727,other
0420,aftermath_jun-jul,16,10,7,5,0.625,0.7142857142857143,other
0421,aftermath_jun-jul,10,7,4,3,0.7,0.75,other
0422,aftermath_jun-jul,41,13,18,5,0.3170731707317073,0.2777777777777778,other
0423,aftermath_jun-jul,30,15,9,4,0.5,0.4444444444444444,other
0424,aftermath_jun-jul,13,8,6,4,0.6153846153846154,0.6666666666666666,other
0425,aftermath_jun-jul,26,8,14,4,0.3076923076923077,0.2857142857142857,other
0426,aftermath_jun-jul,110,30,52,15,0.2727272727272727,0.28846153846153844,other
0427,aftermath_jun-jul,13,8,6,4,0.6153846153846154,0.6666666666666666,other
0428,aftermath_jun-jul,19,10,10,5,0.5263157894736842,0.5,other
0429,aftermath_jun-jul,12,9,6,5,0.75,0.8333333333333334,other
0430,aftermath_jun-jul,31,6,14,2,0.1935483870967742,0.14285714285714285,other
0431,aftermath_jun-jul,13,10,6,5,0.7692307692307693,0.8333333333333334,other
0432,aftermath_jun-jul,23,11,10,5,0.4782608695652174,0.5,other
0433,aftermath_jun-jul,20,10,8,4,0.5,0.5,other
0434,aftermath_jun-jul,32,16,19,8,0.5,0.42105263157894735,other
0435,aftermath_jun-jul,25,10,7,3,0.4,0.42857142857142855,other
0436,aftermath_jun-jul,55,16,20,5,0.2909090909090909,0.25,other
0437,aftermath_jun-jul,10,6,5,4,0.6,0.8,other
0438,aftermath_jun-jul,22,4,9,1,0.18181818181818182,0.1111111111111111,other
0439,aftermath_jun-jul,8,5,4,2,0.625,0.5,other
0440,aftermath_jun-jul,28,0,11,0,0.0,0.0,other
0441,aftermath_jun-jul,49,6,21,3,0.12244897959183673,0.14285714285714285,other
0442,aftermath_jun-jul,54,9,20,3,0.16666666666666666,0.15,other
0443,aftermath_jun-jul,18,8,8,4,0.4444444444444444,0.5,other
0444,aftermath_jun-jul,27,5,13,2,0.18518518518518517,0.15384615384615385,other
0445,aftermath_jun-jul,35,7,11,2,0.2,0.18181818181818182,other
0446,aftermath_jun-jul,17,10,8,5,0.5882352941176471,0.625,other
0447,aftermath_jun-jul,43,11,16,3,0.2558139534883721,0.1875,other
0448,aftermath_jun-jul,23,4,10,2,0.17391304347826086,0.2,other
0449,aftermath_jun-jul,28,19,11,8,0.6785714285714286,0.7272727272727273,other
0450,aftermath_jun-jul,38,19,14,8,0.5,0.5714285714285714,other
0451,aftermath_jun-jul,29,13,9,4,0.4482758620689655,0.4444444444444444,other
0452,aftermath_jun-jul,41,14,27,7,0.34146341463414637,0.25925925925925924,other
0453,aftermath_jun-jul,11,8,5,4,0.7272727272727273,0.8,other
0454,aftermath_jun-jul,55,17,27,7,0.3090909090909091,0.25925925925925924,other
0455,aftermath_jun-jul,22,11,10,5,0.5,0.5,other
0456,aftermath_jun-jul,44,19,24,10,0.4318181818181818,0.4166666666666667,other
0457,aftermath_jun-jul,71,21,37,10,0.29577464788732394,0.2702702702702703,other
0458,aftermath_jun-jul,29,13,9,4,0.4482758620689655,0.4444444444444444,other
0459,aftermath_jun-jul,51,18,23,7,0.35294117647058826,0.30434782608695654,other
0460,aftermath_jun-jul,29,9,13,3,0.3103448275862069,0.23076923076923078,other
0461,aftermath_jun-jul,17,9,11,6,0.5294117647058824,0.5454545454545454,other
0462,aftermath_jun-jul,10,5,5,2,0.5,0.4,other
0463,aftermath_jun-jul,16,7,9,4,0.4375,0.4444444444444444,other
0464,aftermath_jun-jul,13,6,8,3,0.46153846153846156,0.375,other
0465,aftermath_jun-jul,27,7,12,3,0.25925925925925924,0.25,other
0466,aftermath_jun-jul,16,8,6,3,0.5,0.5,other
0467,aftermath_jun-jul,20,0,8,0,0.0,0.0,other
0468,aftermath_jun-jul,15,8,8,5,0.5333333333333333,0.625,other
0469,aftermath_jun-jul,46,0,13,0,0.0,0.0,other
0470,aftermath_jun-jul,36,10,12,3,0.2777777777777778,0.25,other
0471,aftermath_jun-jul,16,10,7,5,0.625,0.7142857142857143,other
0472,aftermath_jun-jul,14,6,9,4,0.42857142857142855,0.4444444444444444,other
0473,aftermath_jun-jul,15,11,8,5,0.7333333333333333,0.625,other
0474,aftermath_jun-jul,16,8,8,4,0.5,0.5,other
0475,aftermath_jun-jul,50,19,34,14,0.38,0.4117647058823529,other
0476,aftermath_jun-jul,26,10,7,2,0.38461538461538464,0.2857142857142857,other
0477,aftermath_jun-jul,17,12,8,5,0.7058823529411765,0.625,other
0478,aftermath_jun-jul,12,3,5,1,0.25,0.2,other
0479,aftermath_jun-jul,12,7,5,3,0.5833333333333334,0.6,other
0480,aftermath_jun-jul,20,11,8,5,0.55,0.625,other
0481,aftermath_jun-jul,31,3,13,2,0.0967741935483871,0.15384615384615385,other
0482,aftermath_jun-jul,9,2,5,1,0.2222222222222222,0.2,other
0483,aftermath_jun-jul,7,3,4,1,0.42857142857142855,0.25,other
0484,aftermath_jun-jul,23,5,11,3,0.21739130434782608,0.2727272727272727,other
0485,aftermath_jun-jul,43,7,22,4,0.16279069767441862,0.18181818181818182,other
0486,aftermath_jun-jul,45,8,22,4,0.17777777777777778,0.18181818181818182,other
0487,aftermath_jun-jul,15,8,6,3,0.5333333333333333,0.5,other
0488,aftermath_jun-jul,24,7,5,1,0.2916666666666667,0.2,other
0489,aftermath_jun-jul,11,3,7,2,0.2727272727272727,0.2857142857142857,other
0490,aftermath_jun-jul,20,3,12,2,0.15,0.16666666666666666,other
0491,aftermath_jun-jul,11,8,5,3,0.7272727272727273,0.6,other
0492,aftermath_jun-jul,14,2,7,1,0.14285714285714285,0.14285714285714285,other
0493,aftermath_jun-jul,65,23,34,10,0.35384615384615387,0.29411764705882354,other
0494,aftermath_jun-jul,20,0,8,0,0.0,0.0,other
0495,aftermath_jun-jul,5,3,3,2,0.6,0.6666666666666666,other
0496,aftermath_jun-jul,15,8,9,5,0.5333333333333333,0.5555555555555556,other
0497,aftermath_jun-jul,25,17,10,6,0.68,0.6,other
0498,aftermath_jun-jul,12,4,7,3,0.3333333333333333,0.42857142857142855,other
0499,aftermath_jun-jul,40,19,23,10,0.475,0.43478260869565216,other
0500,aftermath_jun-jul,21,0,11,0,0.0,0.0,other
0501,aftermath_jun-jul,15,3,7,2,0.2,0.2857142857142857,other
0502,aftermath_jun-jul,50,3,17,2,0.06,0.11764705882352941,other
0503,aftermath_jun-jul,27,11,15,5,0.4074074074074074,0.3333333333333333,other
0504,aftermath_jun-jul,4,2,2,1,0.5,0.5,other
0505,aftermath_jun-jul,8,5,4,2,0.625,0.5,other
0506,aftermath_jun-jul,20,11,8,5,0.55,0.625,other
0507,aftermath_jun-jul,25,5,11,2,0.2,0.18181818181818182,other
0508,aftermath_jun-jul,16,12,9,7,0.75,0.7777777777777778,other
0509,aftermath_jun-jul,16,7,10,5,0.4375,0.5,other
0510,aftermath_jun-jul,9,1,5,1,0.1111111111111111,0.2,other
0511,aftermath_jun-jul,3,2,2,1,0.6666666666666666,0.5,other
0512,aftermath_jun-jul,24,7,11,2,0.2916666666666667,0.18181818181818182,other
0513,aftermath_jun-jul,6,2,3,1,0.3333333333333333,0.3333333333333333,other
0514,aftermath_jun-jul,11,4,7,2,0.36363636363636365,0.2857142857142857,other
0515,aftermath_jun-jul,4,4,3,3,1.0,1.0,other
0516,aftermath_jun-jul,15,10,8,5,0.6666666666666666,0.625,other
0517,aftermath_jun-jul,11,7,7,4,0.6363636363636364,0.5714285714285714,other
0518,aftermath_jun-jul,6,3,3,2,0.5,0.6666666666666666,other
0519,aftermath_jun-jul,34,3,16,1,0.08823529411764706,0.0625,other
0520,aftermath_jun-jul,95,37,49,17,0.3894736842105263,0.3469387755102041,other
0521,aftermath_jun-jul,4,1,3,1,0.25,0.3333333333333333,other
0522,aftermath_jun-jul,13,7,4,2,0.5384615384615384,0.5,other
0523,aftermath_jun-jul,6,6,4,4,1.0,1.0,other
0524,aftermath_jun-jul,9,7,6,4,0.7777777777777778,0.6666666666666666,other
0525,aftermath_jun-jul,19,8,9,3,0.42105263157894735,0.3333333333333333,other
0526,aftermath_jun-jul,2,0,1,0,0.0,0.0,other
0527,aftermath_jun-jul,13,2,5,1,0.15384615384615385,0.2,other
0528,aftermath_jun-jul,36,9,13,3,0.25,0.23076923076923078,other
0529,aftermath_jun-jul,6,2,5,1,0.3333333333333333,0.2,other
0530,aftermath_jun-jul,28,8,13,3,0.2857142857142857,0.23076923076923078,other
0531,aftermath_jun-jul,6,6,4,4,1.0,1.0,other
0532,aftermath_jun-jul,7,2,4,1,0.2857142857142857,0.25,other
0533,aftermath_jun-jul,19,5,5,1,0.2631578947368421,0.2,other
0534,aftermath_jun-jul,76,4,38,1,0.05263157894736842,0.02631578947368421,other
0535,aftermath_jun-jul,45,10,21,5,0.2222222222222222,0.23809523809523808,other
0536,aftermath_jun-jul,24,8,13,4,0.3333333333333333,0.3076923076923077,other
0537,aftermath_jun-jul,22,1,14,1,0.045454545454545456,0.07142857142857142,other
0538,aftermath_jun-jul,13,7,5,3,0.5384615384615384,0.6,other
0539,aftermath_jun-jul,20,4,5,1,0.2,0.2,other
0540,aftermath_jun-jul,19,8,10,3,0.42105263157894735,0.3,other
0541,aftermath_jun-jul,32,5,11,2,0.15625,0.18181818181818182,other
0542,aftermath_jun-jul,11,7,5,3,0.6363636363636364,0.6,other
0543,aftermath_jun-jul,6,4,2,1,0.6666666666666666,0.5,other
0544,aftermath_jun-jul,4,1,4,1,0.25,0.25,other
0545,aftermath_jun-jul,17,9,7,4,0.5294117647058824,0.5714285714285714,other
0546,aftermath_jun-jul,12,7,5,3,0.5833333333333334,0.6,other
0547,aftermath_jun-jul,7,5,4,3,0.7142857142857143,0.75,other
0548,aftermath_jun-jul,6,4,3,2,0.6666666666666666,0.6666666666666666,other
0549,aftermath_jun-jul,2,0,1,0,0.0,0.0,other
0550,aftermath_jun-jul,7,5,4,2,0.7142857142857143,0.5,other
0551,aftermath_jun-jul,23,8,15,5,0.34782608695652173,0.3333333333333333,other
0552,aftermath_jun-jul,9,3,3,1,0.3333333333333333,0.3333333333333333,other
0553,aftermath_jun-jul,16,1,8,1,0.0625,0.125,other
0554,aftermath_jun-jul,14,8,9,5,0.5714285714285714,0.5555555555555556,other
0555,aftermath_jun-jul,16,3,7,1,0.1875,0.14285714285714285,other
0556,aftermath_jun-jul,8,5,4,3,0.625,0.75,other
0557,aftermath_jun-jul,9,2,5,2,0.2222222222222222,0.4,other
0558,aftermath_jun-jul,12,2,7,2,0.16666666666666666,0.2857142857142857,other
0559,aftermath_jun-jul,13,4,4,1,0.3076923076923077,0.25,other
0560,aftermath_jun-jul,80,33,52,21,0.4125,0.40384615384615385,other
0561,aftermath_jun-jul,10,0,4,0,0.0,0.0,other
0562,aftermath_jun-jul,21,4,11,1,0.19047619047619047,0.09090909090909091,other
0563,aftermath_jun-jul,21,0,9,0,0.0,0.0,other
0564,aftermath_jun-jul,10,6,5,3,0.6,0.6,other
0565,aftermath_aug,48,10,16,3,0.20833333333333334,0.1875,other
0566,aftermath_aug,20,11,9,5,0.55,0.5555555555555556,other
0567,aftermath_aug,35,13,15,5,0.37142857142857144,0.3333333333333333,other
0568,aftermath_aug,29,18,10,6,0.6206896551724138,0.6,other
0569,aftermath_aug,13,10,6,5,0.7692307692307693,0.8333333333333334,other
0570,aftermath_aug,23,10,10,5,0.43478260869565216,0.5,other
0571,aftermath_aug,33,5,13,2,0.15151515151515152,0.15384615384615385,other
0572,aftermath_aug,10,5,4,2,0.5,0.5,other
0573,aftermath_aug,12,7,5,3,0.5833333333333334,0.6,other
0574,aftermath_aug,11,8,5,4,0.7272727272727273,0.8,other
0575,aftermath_aug,13,10,5,4,0.7692307692307693,0.8,other
0576,aftermath_aug,19,8,7,3,0.42105263157894735,0.42857142857142855,other
0577,aftermath_aug,36,6,13,2,0.16666666666666666,0.15384615384615385,other
0578,aftermath_aug,14,11,6,5,0.7857142857142857,0.8333333333333334,other
0579,aftermath_aug,20,7,10,2,0.35,0.2,other
0580,aftermath_aug,15,13,8,7,0.8666666666666667,0.875,other
0581,aftermath_aug,11,8,5,4,0.7272727272727273,0.8,other
0582,aftermath_aug,53,11,24,3,0.20754716981132076,0.125,other
0583,aftermath_aug,12,8,6,4,0.6666666666666666,0.6666666666666666,other
0584,aftermath_aug,11,8,5,4,0.7272727272727273,0.8,other
0585,aftermath_aug,12,6,6,3,0.5,0.5,other
0586,aftermath_aug,11,7,5,3,0.6363636363636364,0.6,other
0587,aftermath_aug,11,7,5,3,0.6363636363636364,0.6,other
0588,aftermath_aug,11,8,5,4,0.7272727272727273,0.8,other
0589,aftermath_aug,31,9,11,3,0.2903225806451613,0.2727272727272727,other
0590,aftermath_aug,18,3,7,1,0.16666666666666666,0.14285714285714285,other
0591,aftermath_aug,5,4,3,2,0.8,0.6666666666666666,other
0592,aftermath_aug,52,2,26,1,0.038461538461538464,0.038461538461538464,other
0593,aftermath_aug,30,4,16,1,0.13333333333333333,0.0625,other
0594,aftermath_aug,8,5,3,2,0.625,0.6666666666666666,other
0595,aftermath_aug,55,11,19,4,0.2,0.21052631578947367,other
0596,aftermath_aug,22,4,14,1,0.18181818181818182,0.07142857142857142,other
0597,aftermath_aug,15,12,6,5,0.8,0.8333333333333334,other
0598,aftermath_aug,19,2,12,2,0.10526315789473684,0.16666666666666666,other
0599,aftermath_aug,20,5,9,2,0.25,0.2222222222222222,other
0600,aftermath_aug,9,6,3,2,0.6666666666666666,0.6666666666666666,other
0601,aftermath_aug,13,3,6,2,0.23076923076923078,0.3333333333333333,other
0602,aftermath_aug,5,2,3,1,0.4,0.3333333333333333,other
0603,aftermath_aug,36,8,16,3,0.2222222222222222,0.1875,other
0604,aftermath_aug,22,5,9,2,0.22727272727272727,0.2222222222222222,other
0605,aftermath_aug,12,3,6,1,0.25,0.16666666666666666,other
0606,aftermath_aug,13,2,8,1,0.15384615384615385,0.125,other
0607,aftermath_aug,25,4,8,1,0.16,0.125,other
0608,aftermath_aug,24,1,9,1,0.041666666666666664,0.1111111111111111,other
0609,aftermath_aug,25,7,10,2,0.28,0.2,other
0610,aftermath_aug,23,0,11,0,0.0,0.0,other
0611,aftermath_aug,9,3,4,1,0.3333333333333333,0.25,other
0612,aftermath_aug,30,3,12,1,0.1,0.08333333333333333,other
0613,aftermath_aug,13,7,8,4,0.5384615384615384,0.5,other
0614,aftermath_aug,36,6,18,2,0.16666666666666666,0.1111111111111111,other
0615,aftermath_aug,15,1,8,1,0.06666666666666667,0.125,other
0616,aftermath_aug,11,3,6,2,0.2727272727272727,0.3333333333333333,other
0617,aftermath_aug,29,5,13,2,0.1724137931034483,0.15384615384615385,other
0618,aftermath_aug,24,6,9,2,0.25,0.2222222222222222,other
0619,aftermath_aug,10,2,6,1,0.2,0.16666666666666666,other
0620,aftermath_aug,54,13,18,3,0.24074074074074073,0.16666666666666666,other
0621,aftermath_aug,15,3,8,1,0.2,0.125,other
0622,aftermath_aug,39,19,13,7,0.48717948717948717,0.5384615384615384,other
0623,aftermath_aug,9,3,5,1,0.3333333333333333,0.2,other
0624,aftermath_aug,15,3,8,1,0.2,0.125,other
0625,aftermath_aug,21,0,4,0,0.0,0.0,other
0626,aftermath_aug,18,0,7,0,0.0,0.0,other
0627,aftermath_aug,6,3,2,1,0.5,0.5,other
0628,aftermath_aug,35,7,17,4,0.2,0.23529411764705882,other
0629,aftermath_aug,21,0,5,0,0.0,0.0,other
0630,aftermath_aug,11,2,4,1,0.18181818181818182,0.25,other
0631,aftermath_aug,11,3,5,1,0.2727272727272727,0.2,other
0632,aftermath_aug,22,4,10,2,0.18181818181818182,0.2,other
0633,aftermath_aug,21,9,10,4,0.42857142857142855,0.4,other
0634,aftermath_aug,17,0,5,0,0.0,0.0,other
0635,aftermath_aug,11,0,5,0,0.0,0.0,other
0636,aftermath_aug,7,0,2,0,0.0,0.0,other
0637,aftermath_aug,24,1,14,1,0.041666666666666664,0.07142857142857142,other
0638,aftermath_aug,30,5,11,1,0.16666666666666666,0.09090909090909091,other
0639,aftermath_aug,14,1,9,1,0.07142857142857142,0.1111111111111111,other
0640,aftermath_aug,12,0,8,0,0.0,0.0,other
0641,aftermath_aug,18,4,9,1,0.2222222222222222,0.1111111111111111,other
0642,aftermath_aug,10,0,4,0,0.0,0.0,other
0643,aftermath_aug,10,5,6,3,0.5,0.5,other
0644,aftermath_aug,18,4,7,1,0.2222222222222222,0.14285714285714285,other
0645,aftermath_aug,17,1,7,1,0.058823529411764705,0.14285714285714285,other
0646,aftermath_aug,19,5,15,4,0.2631578947368421,0.26666666666666666,other
0647,aftermath_aug,18,12,8,5,0.6666666666666666,0.625,other
0648,aftermath_aug,7,0,5,0,0.0,0.0,other
