window,actor,metric,value,centrality_method
buildup_mar,OMAN,degree_centrality,0.2,exact
buildup_mar,NETANYAHU,degree_centrality,0.8,exact
buildup_mar,ARAGHCHI,degree_centrality,0.8,exact
buildup_mar,US_SENATE,degree_centrality,0.0,exact
buildup_mar,REPUBLICANS,degree_centrality,1.0,exact
buildup_mar,WITKOFF,degree_centrality,0.6000000000000001,exact
buildup_mar,SYRIA,degree_centrality,0.6000000000000001,exact
buildup_mar,GAZA,degree_centrality,1.0,exact
buildup_mar,IRAQ,degree_centrality,0.6000000000000001,exact
buildup_mar,UK,degree_centrality,0.8,exact
buildup_mar,UKRAINE,degree_centrality,0.6000000000000001,exact
buildup_mar,VANCE,degree_centrality,0.4,exact
buildup_mar,UAE,degree_centrality,0.6000000000000001,exact
buildup_mar,LEBANON,degree_centrality,0.2,exact
buildup_mar,IAEA,degree_centrality,0.6000000000000001,exact
buildup_mar,NATO,degree_centrality,0.4,exact
buildup_mar,RUBIO,degree_centrality,0.6000000000000001,exact
buildup_mar,GERMANY,degree_centrality,0.4,exact
buildup_mar,HEGSETH,degree_centrality,0.4,exact
buildup_mar,HEZBOLLAH,degree_centrality,0.8,exact
buildup_mar,PUTIN,degree_centrality,0.8,exact
buildup_mar,SAUDI_ARABIA,degree_centrality,0.4,exact
buildup_mar,KHAMENEI,degree_centrality,1.0,exact
buildup_mar,IRAN,degree_centrality,1.0,exact
buildup_mar,BIDEN,degree_centrality,0.6000000000000001,exact
buildup_mar,RUSSIA,degree_centrality,1.0,exact
buildup_mar,HOUTHIS,degree_centrality,1.0,exact
buildup_mar,CHINA,degree_centrality,1.0,exact
buildup_mar,OBAMA,degree_centrality,0.6000000000000001,exact
buildup_mar,US_CONGRESS,degree_centrality,0.2,exact
buildup_mar,HAMAS,degree_centrality,1.0,exact
buildup_mar,EU,degree_centrality,0.4,exact
buildup_mar,YEMEN,degree_centrality,1.0,exact
buildup_mar,PEZESHKIAN,degree_centrality,0.6000000000000001,exact
buildup_mar,FRANCE,degree_centrality,0.4,exact
buildup_mar,ISRAEL,degree_centrality,1.0,exact
buildup_mar,UN_SECURITY_COUNCIL,degree_centrality,0.0,exact
buildup_mar,TRUMP,degree_centrality,1.0,exact
buildup_mar,USA,degree_centrality,1.0,exact
buildup_mar,QATAR,degree_centrality,0.2,exact
buildup_mar,GROSSI,degree_centrality,0.2,exact
buildup_mar,GULF_STATES,degree_centrality,0.0,exact
buildup_mar,DEMOCRATS,degree_centrality,0.2,exact
buildup_mar,BAHRAIN,degree_centrality,0.0,exact
buildup_mar,OMAN,betweenness_centrality,0.0,exact
buildup_mar,NETANYAHU,betweenness_centrality,0.004518153996077179,exact
buildup_mar,ARAGHCHI,betweenness_centrality,0.005490110244531759,exact
buildup_mar,US_SENATE,betweenness_centrality,0.0,exact
buildup_mar,REPUBLICANS,betweenness_centrality,0.00796843507329752,exact
buildup_mar,WITKOFF,betweenness_centrality,0.0025917915694631697,exact
buildup_mar,SYRIA,betweenness_centrality,0.0030383047544125497,exact
buildup_mar,GAZA,betweenness_centrality,0.00796843507329752,exact
buildup_mar,IRAQ,betweenness_centrality,0.0025917915694631697,exact
buildup_mar,UK,betweenness_centrality,0.005490110244531759,exact
buildup_mar,UKRAINE,betweenness_centrality,0.0024981513291310806,exact
buildup_mar,VANCE,betweenness_centrality,0.0005087176783763627,exact
buildup_mar,UAE,betweenness_centrality,0.0030383047544125497,exact
buildup_mar,LEBANON,betweenness_centrality,0.0,exact
buildup_mar,IAEA,betweenness_centrality,0.002851972836056721,exact
buildup_mar,NATO,betweenness_centrality,0.0005087176783763627,exact
buildup_mar,RUBIO,betweenness_centrality,0.0025917915694631697,exact
buildup_mar,GERMANY,betweenness_centrality,0.0006487037577203217,exact
buildup_mar,HEGSETH,betweenness_centrality,0.0005087176783763627,exact
buildup_mar,HEZBOLLAH,betweenness_centrality,0.004329558005483601,exact
buildup_mar,PUTIN,betweenness_centrality,0.005490110244531759,exact
buildup_mar,SAUDI_ARABIA,betweenness_centrality,0.000853301516508375,exact
buildup_mar,KHAMENEI,betweenness_centrality,0.00796843507329752,exact
buildup_mar,IRAN,betweenness_centrality,0.00796843507329752,exact
buildup_mar,BIDEN,betweenness_centrality,0.0024981513291310806,exact
buildup_mar,RUSSIA,betweenness_centrality,0.00796843507329752,exact
buildup_mar,HOUTHIS,betweenness_centrality,0.00796843507329752,exact
buildup_mar,CHINA,betweenness_centrality,0.00796843507329752,exact
buildup_mar,OBAMA,betweenness_centrality,0.0025917915694631697,exact
buildup_mar,US_CONGRESS,betweenness_centrality,0.0,exact
buildup_mar,HAMAS,betweenness_centrality,0.00796843507329752,exact
buildup_mar,EU,betweenness_centrality,0.0005087176783763627,exact
buildup_mar,YEMEN,betweenness_centrality,0.00796843507329752,exact
buildup_mar,PEZESHKIAN,betweenness_centrality,0.0025917915694631697,exact
buildup_mar,FRANCE,betweenness_centrality,0.0006487037577203217,exact
buildup_mar,ISRAEL,betweenness_centrality,0.00796843507329752,exact
buildup_mar,UN_SECURITY_COUNCIL,betweenness_centrality,0.0,exact
buildup_mar,TRUMP,betweenness_centrality,0.00796843507329752,exact
buildup_mar,USA,betweenness_centrality,0.00796843507329752,exact
buildup_mar,QATAR,betweenness_centrality,0.0,exact
buildup_mar,GROSSI,betweenness_centrality,0.0,exact
buildup_mar,GULF_STATES,betweenness_centrality,0.0,exact
buildup_mar,DEMOCRATS,betweenness_centrality,0.0,exact
buildup_mar,BAHRAIN,betweenness_centrality,0.0,exact
buildup_mar,OMAN,closeness_centrality,0.7652905198776758,exact
buildup_mar,NETANYAHU,closeness_centrality,0.9588122605363983,exact
buildup_mar,ARAGHCHI,closeness_centrality,0.9813725490196078,exact
buildup_mar,US_SENATE,closeness_centrality,0.0,exact
buildup_mar,REPUBLICANS,closeness_centrality,1.0050200803212852,exact
buildup_mar,WITKOFF,closeness_centrality,0.9372659176029963,exact
buildup_mar,SYRIA,closeness_centrality,0.9372659176029963,exact
buildup_mar,GAZA,closeness_centrality,1.0050200803212852,exact
buildup_mar,IRAQ,closeness_centrality,0.9372659176029963,exact
buildup_mar,UK,closeness_centrality,0.9813725490196078,exact
buildup_mar,UKRAINE,closeness_centrality,0.9166666666666666,exact
buildup_mar,VANCE,closeness_centrality,0.8259075907590759,exact
buildup_mar,UAE,closeness_centrality,0.9372659176029963,exact
buildup_mar,LEBANON,closeness_centrality,0.7652905198776758,exact
buildup_mar,IAEA,closeness_centrality,0.9166666666666666,exact
buildup_mar,NATO,closeness_centrality,0.8259075907590759,exact
buildup_mar,RUBIO,closeness_centrality,0.9372659176029963,exact
buildup_mar,GERMANY,closeness_centrality,0.8259075907590759,exact
buildup_mar,HEGSETH,closeness_centrality,0.8259075907590759,exact
buildup_mar,HEZBOLLAH,closeness_centrality,0.9372659176029963,exact
buildup_mar,PUTIN,closeness_centrality,0.9813725490196078,exact
buildup_mar,SAUDI_ARABIA,closeness_centrality,0.8780701754385964,exact
buildup_mar,KHAMENEI,closeness_centrality,1.0050200803212852,exact
buildup_mar,IRAN,closeness_centrality,1.0050200803212852,exact
buildup_mar,BIDEN,closeness_centrality,0.9166666666666666,exact
buildup_mar,RUSSIA,closeness_centrality,1.0050200803212852,exact
buildup_mar,HOUTHIS,closeness_centrality,1.0050200803212852,exact
buildup_mar,CHINA,closeness_centrality,1.0050200803212852,exact
buildup_mar,OBAMA,closeness_centrality,0.9372659176029963,exact
buildup_mar,US_CONGRESS,closeness_centrality,0.7009803921568627,exact
buildup_mar,HAMAS,closeness_centrality,1.0050200803212852,exact
buildup_mar,EU,closeness_centrality,0.8259075907590759,exact
buildup_mar,YEMEN,closeness_centrality,1.0050200803212852,exact
buildup_mar,PEZESHKIAN,closeness_centrality,0.9372659176029963,exact
buildup_mar,FRANCE,closeness_centrality,0.8259075907590759,exact
buildup_mar,ISRAEL,closeness_centrality,1.0050200803212852,exact
buildup_mar,UN_SECURITY_COUNCIL,closeness_centrality,0.0,exact
buildup_mar,TRUMP,closeness_centrality,1.0050200803212852,exact
buildup_mar,USA,closeness_centrality,1.0050200803212852,exact
buildup_mar,QATAR,closeness_centrality,0.7652905198776758,exact
buildup_mar,GROSSI,closeness_centrality,0.7253623188405797,exact
buildup_mar,GULF_STATES,closeness_centrality,0.0,exact
buildup_mar,DEMOCRATS,closeness_centrality,0.7253623188405797,exact
buildup_mar,BAHRAIN,closeness_centrality,0.0,exact
buildup_mar,OMAN,eigenvector_katz,0.05129717860155905,katz_fallback
buildup_mar,NETANYAHU,eigenvector_katz,0.05313734656401839,katz_fallback
buildup_mar,ARAGHCHI,eigenvector_katz,0.05360941067888832,katz_fallback
buildup_mar,US_SENATE,eigenvector_katz,0.04660418051154098,katz_fallback
buildup_mar,REPUBLICANS,eigenvector_katz,0.05007963569189658,katz_fallback
buildup_mar,WITKOFF,eigenvector_katz,0.06078763868780685,katz_fallback
buildup_mar,SYRIA,eigenvector_katz,0.04798713638425929,katz_fallback
buildup_mar,GAZA,eigenvector_katz,0.06958927007886677,katz_fallback
buildup_mar,IRAQ,eigenvector_katz,0.05173532932292881,katz_fallback
buildup_mar,UK,eigenvector_katz,0.05168857658692204,katz_fallback
buildup_mar,UKRAINE,eigenvector_katz,0.07508674458318063,katz_fallback
buildup_mar,VANCE,eigenvector_katz,0.0476503949008434,katz_fallback
buildup_mar,UAE,eigenvector_katz,0.04988148309528985,katz_fallback
buildup_mar,LEBANON,eigenvector_katz,0.04744925816501133,katz_fallback
buildup_mar,IAEA,eigenvector_katz,0.05594493303809434,katz_fallback
buildup_mar,NATO,eigenvector_katz,0.0476503949008434,katz_fallback
buildup_mar,RUBIO,eigenvector_katz,0.050994715575670105,katz_fallback
buildup_mar,GERMANY,eigenvector_katz,0.049797284544149265,katz_fallback
buildup_mar,HEGSETH,eigenvector_katz,0.04954168694361617,katz_fallback
buildup_mar,HEZBOLLAH,eigenvector_katz,0.05046039951950789,katz_fallback
buildup_mar,PUTIN,eigenvector_katz,0.05970879735430262,katz_fallback
buildup_mar,SAUDI_ARABIA,eigenvector_katz,0.05080139965788139,katz_fallback
buildup_mar,KHAMENEI,eigenvector_katz,0.09748363780139499,katz_fallback
buildup_mar,IRAN,eigenvector_katz,0.4677100008486889,katz_fallback
buildup_mar,BIDEN,eigenvector_katz,0.05403354829780218,katz_fallback
buildup_mar,RUSSIA,eigenvector_katz,0.10953279281688545,katz_fallback
buildup_mar,HOUTHIS,eigenvector_katz,0.0870679823996608,katz_fallback
buildup_mar,CHINA,eigenvector_katz,0.07417927069958212,katz_fallback
buildup_mar,OBAMA,eigenvector_katz,0.05921450451345458,katz_fallback
buildup_mar,US_CONGRESS,eigenvector_katz,0.04700645398320509,katz_fallback
buildup_mar,HAMAS,eigenvector_katz,0.06317530011698222,katz_fallback
buildup_mar,EU,eigenvector_katz,0.04785153163667546,katz_fallback
buildup_mar,YEMEN,eigenvector_katz,0.07115661428942686,katz_fallback
buildup_mar,PEZESHKIAN,eigenvector_katz,0.07662229051159791,katz_fallback
buildup_mar,FRANCE,eigenvector_katz,0.05046771284272328,katz_fallback
buildup_mar,ISRAEL,eigenvector_katz,0.10864302740313964,katz_fallback
buildup_mar,UN_SECURITY_COUNCIL,eigenvector_katz,0.04660418051154098,katz_fallback
buildup_mar,TRUMP,eigenvector_katz,0.34342084527704014,katz_fallback
buildup_mar,USA,eigenvector_katz,0.247578687446418,katz_fallback
buildup_mar,QATAR,eigenvector_katz,0.049285893705837025,katz_fallback
buildup_mar,GROSSI,eigenvector_katz,0.048138353026477725,katz_fallback
buildup_mar,GULF_STATES,eigenvector_katz,0.04660418051154098,katz_fallback
buildup_mar,DEMOCRATS,eigenvector_katz,0.047626962188165464,katz_fallback
buildup_mar,BAHRAIN,eigenvector_katz,0.04660418051154098,katz_fallback
buildup_apr,OMAN,degree_centrality,1.0,exact
buildup_apr,NETANYAHU,degree_centrality,1.0,exact
buildup_apr,ARAGHCHI,degree_centrality,0.8,exact
buildup_apr,US_SENATE,degree_centrality,0.6000000000000001,exact
buildup_apr,REPUBLICANS,degree_centrality,0.8,exact
buildup_apr,WITKOFF,degree_centrality,0.8,exact
buildup_apr,SYRIA,degree_centrality,1.0,exact
buildup_apr,GAZA,degree_centrality,1.0,exact
buildup_apr,IRAQ,degree_centrality,1.0,exact
buildup_apr,UK,degree_centrality,0.8,exact
buildup_apr,UKRAINE,degree_centrality,1.0,exact
buildup_apr,VANCE,degree_centrality,0.4,exact
buildup_apr,UAE,degree_centrality,0.2,exact
buildup_apr,LEBANON,degree_centrality,1.0,exact
buildup_apr,IAEA,degree_centrality,0.8,exact
buildup_apr,NATO,degree_centrality,0.2,exact
buildup_apr,RUBIO,degree_centrality,0.8,exact
buildup_apr,GERMANY,degree_centrality,0.6000000000000001,exact
buildup_apr,HEGSETH,degree_centrality,1.0,exact
buildup_apr,HEZBOLLAH,degree_centrality,1.0,exact
buildup_apr,PUTIN,degree_centrality,0.6000000000000001,exact
buildup_apr,SAUDI_ARABIA,degree_centrality,0.8,exact
buildup_apr,KHAMENEI,degree_centrality,1.0,exact
buildup_apr,IRAN,degree_centrality,1.0,exact
buildup_apr,BIDEN,degree_centrality,0.6000000000000001,exact
buildup_apr,RUSSIA,degree_centrality,1.0,exact
buildup_apr,HOUTHIS,degree_centrality,1.0,exact
buildup_apr,CHINA,degree_centrality,1.0,exact
buildup_apr,OBAMA,degree_centrality,1.0,exact
buildup_apr,US_CONGRESS,degree_centrality,0.4,exact
buildup_apr,HAMAS,degree_centrality,1.0,exact
buildup_apr,EU,degree_centrality,0.8,exact
buildup_apr,YEMEN,degree_centrality,0.8,exact
buildup_apr,PEZESHKIAN,degree_centrality,0.8,exact
buildup_apr,FRANCE,degree_centrality,0.6000000000000001,exact
buildup_apr,ISRAEL,degree_centrality,1.0,exact
buildup_apr,UN_SECURITY_COUNCIL,degree_centrality,0.2,exact
buildup_apr,TRUMP,degree_centrality,1.0,exact
buildup_apr,USA,degree_centrality,1.0,exact
buildup_apr,QATAR,degree_centrality,0.4,exact
buildup_apr,GROSSI,degree_centrality,0.8,exact
buildup_apr,GULF_STATES,degree_centrality,0.2,exact
buildup_apr,DEMOCRATS,degree_centrality,0.8,exact
buildup_apr,BAHRAIN,degree_centrality,0.4,exact
buildup_apr,OMAN,betweenness_centrality,0.0031654892043469275,exact
buildup_apr,NETANYAHU,betweenness_centrality,0.0031654892043469275,exact
buildup_apr,ARAGHCHI,betweenness_centrality,0.0015082516479151312,exact
buildup_apr,US_SENATE,betweenness_centrality,0.0009473607001490518,exact
buildup_apr,REPUBLICANS,betweenness_centrality,0.0015082516479151312,exact
buildup_apr,WITKOFF,betweenness_centrality,0.0015082516479151312,exact
buildup_apr,SYRIA,betweenness_centrality,0.0031654892043469275,exact
buildup_apr,GAZA,betweenness_centrality,0.0031654892043469275,exact
buildup_apr,IRAQ,betweenness_centrality,0.0031654892043469275,exact
buildup_apr,UK,betweenness_centrality,0.0015082516479151312,exact
buildup_apr,UKRAINE,betweenness_centrality,0.0031654892043469275,exact
buildup_apr,VANCE,betweenness_centrality,0.00011167043140298754,exact
buildup_apr,UAE,betweenness_centrality,0.0,exact
buildup_apr,LEBANON,betweenness_centrality,0.0031654892043469275,exact
buildup_apr,IAEA,betweenness_centrality,0.0015082516479151312,exact
buildup_apr,NATO,betweenness_centrality,0.0,exact
buildup_apr,RUBIO,betweenness_centrality,0.0015082516479151312,exact
buildup_apr,GERMANY,betweenness_centrality,0.0006363558120747334,exact
buildup_apr,HEGSETH,betweenness_centrality,0.0031654892043469275,exact
buildup_apr,HEZBOLLAH,betweenness_centrality,0.0031654892043469275,exact
buildup_apr,PUTIN,betweenness_centrality,0.0006363558120747334,exact
buildup_apr,SAUDI_ARABIA,betweenness_centrality,0.0015082516479151312,exact
buildup_apr,KHAMENEI,betweenness_centrality,0.0031654892043469275,exact
buildup_apr,IRAN,betweenness_centrality,0.0031654892043469275,exact
buildup_apr,BIDEN,betweenness_centrality,0.0007274563690212411,exact
buildup_apr,RUSSIA,betweenness_centrality,0.0031654892043469275,exact
buildup_apr,HOUTHIS,betweenness_centrality,0.0031654892043469275,exact
buildup_apr,CHINA,betweenness_centrality,0.0031654892043469275,exact
buildup_apr,OBAMA,betweenness_centrality,0.0031654892043469275,exact
buildup_apr,US_CONGRESS,betweenness_centrality,0.00035679062859967796,exact
buildup_apr,HAMAS,betweenness_centrality,0.0031654892043469275,exact
buildup_apr,EU,betweenness_centrality,0.0015082516479151312,exact
buildup_apr,YEMEN,betweenness_centrality,0.0015082516479151312,exact
buildup_apr,PEZESHKIAN,betweenness_centrality,0.0015082516479151312,exact
buildup_apr,FRANCE,betweenness_centrality,0.0006363558120747334,exact
buildup_apr,ISRAEL,betweenness_centrality,0.0031654892043469275,exact
buildup_apr,UN_SECURITY_COUNCIL,betweenness_centrality,0.0,exact
buildup_apr,TRUMP,betweenness_centrality,0.0031654892043469275,exact
buildup_apr,USA,betweenness_centrality,0.0031654892043469275,exact
buildup_apr,QATAR,betweenness_centrality,0.00011167043140298754,exact
buildup_apr,GROSSI,betweenness_centrality,0.0015082516479151312,exact
buildup_apr,GULF_STATES,betweenness_centrality,0.0,exact
buildup_apr,DEMOCRATS,betweenness_centrality,0.0015082516479151312,exact
buildup_apr,BAHRAIN,betweenness_centrality,0.00011167043140298754,exact
buildup_apr,OMAN,closeness_centrality,1.0,exact
buildup_apr,NETANYAHU,closeness_centrality,1.0,exact
buildup_apr,ARAGHCHI,closeness_centrality,0.978494623655914,exact
buildup_apr,US_SENATE,closeness_centrality,0.9578947368421052,exact
buildup_apr,REPUBLICANS,closeness_centrality,0.978494623655914,exact
buildup_apr,WITKOFF,closeness_centrality,0.978494623655914,exact
buildup_apr,SYRIA,closeness_centrality,1.0,exact
buildup_apr,GAZA,closeness_centrality,1.0,exact
buildup_apr,IRAQ,closeness_centrality,1.0,exact
buildup_apr,UK,closeness_centrality,0.978494623655914,exact
buildup_apr,UKRAINE,closeness_centrality,1.0,exact
buildup_apr,VANCE,closeness_centrality,0.900990099009901,exact
buildup_apr,UAE,closeness_centrality,0.883495145631068,exact
buildup_apr,LEBANON,closeness_centrality,1.0,exact
buildup_apr,IAEA,closeness_centrality,0.978494623655914,exact
buildup_apr,NATO,closeness_centrality,0.7913043478260869,exact
buildup_apr,RUBIO,closeness_centrality,0.978494623655914,exact
buildup_apr,GERMANY,closeness_centrality,0.9381443298969072,exact
buildup_apr,HEGSETH,closeness_centrality,1.0,exact
buildup_apr,HEZBOLLAH,closeness_centrality,1.0,exact
buildup_apr,PUTIN,closeness_centrality,0.9381443298969072,exact
buildup_apr,SAUDI_ARABIA,closeness_centrality,0.978494623655914,exact
buildup_apr,KHAMENEI,closeness_centrality,1.0,exact
buildup_apr,IRAN,closeness_centrality,1.0,exact
buildup_apr,BIDEN,closeness_centrality,0.9381443298969072,exact
buildup_apr,RUSSIA,closeness_centrality,1.0,exact
buildup_apr,HOUTHIS,closeness_centrality,1.0,exact
buildup_apr,CHINA,closeness_centrality,1.0,exact
buildup_apr,OBAMA,closeness_centrality,1.0,exact
buildup_apr,US_CONGRESS,closeness_centrality,0.9191919191919192,exact
buildup_apr,HAMAS,closeness_centrality,1.0,exact
buildup_apr,EU,closeness_centrality,0.978494623655914,exact
buildup_apr,YEMEN,closeness_centrality,0.978494623655914,exact
buildup_apr,PEZESHKIAN,closeness_centrality,0.978494623655914,exact
buildup_apr,FRANCE,closeness_centrality,0.9381443298969072,exact
buildup_apr,ISRAEL,closeness_centrality,1.0,exact
buildup_apr,UN_SECURITY_COUNCIL,closeness_centrality,0.883495145631068,exact
buildup_apr,TRUMP,closeness_centrality,1.0,exact
buildup_apr,USA,closeness_centrality,1.0,exact
buildup_apr,QATAR,closeness_centrality,0.900990099009901,exact
buildup_apr,GROSSI,closeness_centrality,0.978494623655914,exact
buildup_apr,GULF_STATES,closeness_centrality,0.7777777777777778,exact
buildup_apr,DEMOCRATS,closeness_centrality,0.978494623655914,exact
buildup_apr,BAHRAIN,closeness_centrality,0.900990099009901,exact
buildup_apr,OMAN,eigenvector_katz,0.07885766372350962,katz_fallback
buildup_apr,NETANYAHU,eigenvector_katz,0.06579378101886779,katz_fallback
buildup_apr,ARAGHCHI,eigenvector_katz,0.06696964570137155,katz_fallback
buildup_apr,US_SENATE,eigenvector_katz,0.0474525136655961,katz_fallback
buildup_apr,REPUBLICANS,eigenvector_katz,0.05094147970232469,katz_fallback
buildup_apr,WITKOFF,eigenvector_katz,0.08905818782775177,katz_fallback
buildup_apr,SYRIA,eigenvector_katz,0.049757957482899254,katz_fallback
buildup_apr,GAZA,eigenvector_katz,0.05935123204588273,katz_fallback
buildup_apr,IRAQ,eigenvector_katz,0.049476602822193294,katz_fallback
buildup_apr,UK,eigenvector_katz,0.05211634921380434,katz_fallback
buildup_apr,UKRAINE,eigenvector_katz,0.0664278868747863,katz_fallback
buildup_apr,VANCE,eigenvector_katz,0.04786409594418571,katz_fallback
buildup_apr,UAE,eigenvector_katz,0.04696738482265089,katz_fallback
buildup_apr,LEBANON,eigenvector_katz,0.05137374378400923,katz_fallback
buildup_apr,IAEA,eigenvector_katz,0.0634835711065829,katz_fallback
buildup_apr,NATO,eigenvector_katz,0.046969419935030676,katz_fallback
buildup_apr,RUBIO,eigenvector_katz,0.05473986816136461,katz_fallback
buildup_apr,GERMANY,eigenvector_katz,0.05127270033726145,katz_fallback
buildup_apr,HEGSETH,eigenvector_katz,0.04954003960970215,katz_fallback
buildup_apr,HEZBOLLAH,eigenvector_katz,0.05702708406243997,katz_fallback
buildup_apr,PUTIN,eigenvector_katz,0.05113744398576715,katz_fallback
buildup_apr,SAUDI_ARABIA,eigenvector_katz,0.05688569277082791,katz_fallback
buildup_apr,KHAMENEI,eigenvector_katz,0.06480491321005996,katz_fallback
buildup_apr,IRAN,eigenvector_katz,0.5051628425219244,katz_fallback
buildup_apr,BIDEN,eigenvector_katz,0.05077067791159632,katz_fallback
buildup_apr,RUSSIA,eigenvector_katz,0.07507675239280043,katz_fallback
buildup_apr,HOUTHIS,eigenvector_katz,0.06960707284386142,katz_fallback
buildup_apr,CHINA,eigenvector_katz,0.06068389790942085,katz_fallback
buildup_apr,OBAMA,eigenvector_katz,0.07615407904281613,katz_fallback
buildup_apr,US_CONGRESS,eigenvector_katz,0.04751342044958759,katz_fallback
buildup_apr,HAMAS,eigenvector_katz,0.06151531037706526,katz_fallback
buildup_apr,EU,eigenvector_katz,0.05381129265384635,katz_fallback
buildup_apr,YEMEN,eigenvector_katz,0.0598597930143932,katz_fallback
buildup_apr,PEZESHKIAN,eigenvector_katz,0.05049933080346179,katz_fallback
buildup_apr,FRANCE,eigenvector_katz,0.05329732406242338,katz_fallback
buildup_apr,ISRAEL,eigenvector_katz,0.13682126387471147,katz_fallback
buildup_apr,UN_SECURITY_COUNCIL,eigenvector_katz,0.04696738482265089,katz_fallback
buildup_apr,TRUMP,eigenvector_katz,0.2579347679697197,katz_fallback
buildup_apr,USA,eigenvector_katz,0.2753623980136729,katz_fallback
buildup_apr,QATAR,eigenvector_katz,0.04746666619126531,katz_fallback
buildup_apr,GROSSI,eigenvector_katz,0.054232004907081015,katz_fallback
buildup_apr,GULF_STATES,eigenvector_katz,0.046904442926279606,katz_fallback
buildup_apr,DEMOCRATS,eigenvector_katz,0.04950463943894921,katz_fallback
buildup_apr,BAHRAIN,eigenvector_katz,0.04753124169844277,katz_fallback
buildup_may,OMAN,degree_centrality,0.8,exact
buildup_may,NETANYAHU,degree_centrality,1.0,exact
buildup_may,ARAGHCHI,degree_centrality,1.0,exact
buildup_may,US_SENATE,degree_centrality,0.6000000000000001,exact
buildup_may,REPUBLICANS,degree_centrality,1.0,exact
buildup_may,WITKOFF,degree_centrality,1.0,exact
buildup_may,SYRIA,degree_centrality,0.8,exact
buildup_may,GAZA,degree_centrality,1.0,exact
buildup_may,IRAQ,degree_centrality,0.4,exact
buildup_may,UK,degree_centrality,0.8,exact
buildup_may,UKRAINE,degree_centrality,1.0,exact
buildup_may,VANCE,degree_centrality,0.8,exact
buildup_may,UAE,degree_centrality,0.8,exact
buildup_may,LEBANON,degree_centrality,0.4,exact
buildup_may,IAEA,degree_centrality,0.8,exact
buildup_may,NATO,degree_centrality,0.4,exact
buildup_may,RUBIO,degree_centrality,0.8,exact
buildup_may,GERMANY,degree_centrality,0.8,exact
buildup_may,HEGSETH,degree_centrality,0.4,exact
buildup_may,HEZBOLLAH,degree_centrality,0.6000000000000001,exact
buildup_may,PUTIN,degree_centrality,0.6000000000000001,exact
buildup_may,SAUDI_ARABIA,degree_centrality,1.0,exact
buildup_may,KHAMENEI,degree_centrality,1.0,exact
buildup_may,IRAN,degree_centrality,1.0,exact
buildup_may,BIDEN,degree_centrality,0.6000000000000001,exact
buildup_may,RUSSIA,degree_centrality,1.0,exact
buildup_may,HOUTHIS,degree_centrality,1.0,exact
buildup_may,CHINA,degree_centrality,0.8,exact
buildup_may,OBAMA,degree_centrality,0.6000000000000001,exact
buildup_may,US_CONGRESS,degree_centrality,0.8,exact
buildup_may,HAMAS,degree_centrality,0.8,exact
buildup_may,EU,degree_centrality,0.8,exact
buildup_may,YEMEN,degree_centrality,1.0,exact
buildup_may,PEZESHKIAN,degree_centrality,0.8,exact
buildup_may,FRANCE,degree_centrality,0.0,exact
buildup_may,ISRAEL,degree_centrality,1.0,exact
buildup_may,UN_SECURITY_COUNCIL,degree_centrality,0.0,exact
buildup_may,TRUMP,degree_centrality,1.0,exact
buildup_may,USA,degree_centrality,1.0,exact
buildup_may,QATAR,degree_centrality,0.6000000000000001,exact
buildup_may,GROSSI,degree_centrality,0.8,exact
buildup_may,GULF_STATES,degree_centrality,0.6000000000000001,exact
buildup_may,DEMOCRATS,degree_centrality,0.6000000000000001,exact
buildup_may,BAHRAIN,degree_centrality,0.0,exact
buildup_may,OMAN,betweenness_centrality,0.0008578459019572659,exact
buildup_may,NETANYAHU,betweenness_centrality,0.0028929417254693513,exact
buildup_may,ARAGHCHI,betweenness_centrality,0.0028929417254693513,exact
buildup_may,US_SENATE,betweenness_centrality,0.00028961275057906897,exact
buildup_may,REPUBLICANS,betweenness_centrality,0.0028929417254693513,exact
buildup_may,WITKOFF,betweenness_centrality,0.0028929417254693513,exact
buildup_may,SYRIA,betweenness_centrality,0.0008578459019572659,exact
buildup_may,GAZA,betweenness_centrality,0.0028929417254693513,exact
buildup_may,IRAQ,betweenness_centrality,0.00047243073026269046,exact
buildup_may,UK,betweenness_centrality,0.0008578459019572659,exact
buildup_may,UKRAINE,betweenness_centrality,0.0028929417254693513,exact
buildup_may,VANCE,betweenness_centrality,0.0008578459019572659,exact
buildup_may,UAE,betweenness_centrality,0.0008578459019572659,exact
buildup_may,LEBANON,betweenness_centrality,5.9451331293730815e-05,exact
buildup_may,IAEA,betweenness_centrality,0.0008578459019572659,exact
buildup_may,NATO,betweenness_centrality,0.00012114703596435771,exact
buildup_may,RUBIO,betweenness_centrality,0.0008578459019572659,exact
buildup_may,GERMANY,betweenness_centrality,0.0008578459019572659,exact
buildup_may,HEGSETH,betweenness_centrality,0.00017132199442955595,exact
buildup_may,HEZBOLLAH,betweenness_centrality,0.0004008286742368165,exact
buildup_may,PUTIN,betweenness_centrality,0.00028961275057906897,exact
buildup_may,SAUDI_ARABIA,betweenness_centrality,0.0028929417254693513,exact
buildup_may,KHAMENEI,betweenness_centrality,0.0028929417254693513,exact
buildup_may,IRAN,betweenness_centrality,0.0028929417254693513,exact
buildup_may,BIDEN,betweenness_centrality,0.00028961275057906897,exact
buildup_may,RUSSIA,betweenness_centrality,0.0028929417254693513,exact
buildup_may,HOUTHIS,betweenness_centrality,0.0028929417254693513,exact
buildup_may,CHINA,betweenness_centrality,0.0008578459019572659,exact
buildup_may,OBAMA,betweenness_centrality,0.00028961275057906897,exact
buildup_may,US_CONGRESS,betweenness_centrality,0.0008578459019572659,exact
buildup_may,HAMAS,betweenness_centrality,0.0019191065264548728,exact
buildup_may,EU,betweenness_centrality,0.0008578459019572659,exact
buildup_may,YEMEN,betweenness_centrality,0.0028929417254693513,exact
buildup_may,PEZESHKIAN,betweenness_centrality,0.0008578459019572659,exact
buildup_may,FRANCE,betweenness_centrality,0.0,exact
buildup_may,ISRAEL,betweenness_centrality,0.0028929417254693513,exact
buildup_may,UN_SECURITY_COUNCIL,betweenness_centrality,0.0,exact
buildup_may,TRUMP,betweenness_centrality,0.0028929417254693513,exact
buildup_may,USA,betweenness_centrality,0.0028929417254693513,exact
buildup_may,QATAR,betweenness_centrality,0.00028961275057906897,exact
buildup_may,GROSSI,betweenness_centrality,0.0008578459019572659,exact
buildup_may,GULF_STATES,betweenness_centrality,0.00028961275057906897,exact
buildup_may,DEMOCRATS,betweenness_centrality,0.00028961275057906897,exact
buildup_may,BAHRAIN,betweenness_centrality,0.0,exact
buildup_may,OMAN,closeness_centrality,0.980603448275862,exact
buildup_may,NETANYAHU,closeness_centrality,1.0036764705882353,exact
buildup_may,ARAGHCHI,closeness_centrality,1.0036764705882353,exact
buildup_may,US_SENATE,closeness_centrality,0.9585674157303371,exact
buildup_may,REPUBLICANS,closeness_centrality,1.0036764705882353,exact
buildup_may,WITKOFF,closeness_centrality,1.0036764705882353,exact
buildup_may,SYRIA,closeness_centrality,0.980603448275862,exact
buildup_may,GAZA,closeness_centrality,1.0036764705882353,exact
buildup_may,IRAQ,closeness_centrality,0.8795103092783505,exact
buildup_may,UK,closeness_centrality,0.980603448275862,exact
buildup_may,UKRAINE,closeness_centrality,1.0036764705882353,exact
buildup_may,VANCE,closeness_centrality,0.980603448275862,exact
buildup_may,UAE,closeness_centrality,0.980603448275862,exact
buildup_may,LEBANON,closeness_centrality,0.9173387096774194,exact
buildup_may,IAEA,closeness_centrality,0.980603448275862,exact
buildup_may,NATO,closeness_centrality,0.9375,exact
buildup_may,RUBIO,closeness_centrality,0.980603448275862,exact
buildup_may,GERMANY,closeness_centrality,0.980603448275862,exact
buildup_may,HEGSETH,closeness_centrality,0.9173387096774194,exact
buildup_may,HEZBOLLAH,closeness_centrality,0.9375,exact
buildup_may,PUTIN,closeness_centrality,0.9585674157303371,exact
buildup_may,SAUDI_ARABIA,closeness_centrality,1.0036764705882353,exact
buildup_may,KHAMENEI,closeness_centrality,1.0036764705882353,exact
buildup_may,IRAN,closeness_centrality,1.0036764705882353,exact
buildup_may,BIDEN,closeness_centrality,0.9585674157303371,exact
buildup_may,RUSSIA,closeness_centrality,1.0036764705882353,exact
buildup_may,HOUTHIS,closeness_centrality,1.0036764705882353,exact
buildup_may,CHINA,closeness_centrality,0.980603448275862,exact
buildup_may,OBAMA,closeness_centrality,0.9585674157303371,exact
buildup_may,US_CONGRESS,closeness_centrality,0.980603448275862,exact
buildup_may,HAMAS,closeness_centrality,0.980603448275862,exact
buildup_may,EU,closeness_centrality,0.980603448275862,exact
buildup_may,YEMEN,closeness_centrality,1.0036764705882353,exact
buildup_may,PEZESHKIAN,closeness_centrality,0.980603448275862,exact
buildup_may,FRANCE,closeness_centrality,0.0,exact
buildup_may,ISRAEL,closeness_centrality,1.0036764705882353,exact
buildup_may,UN_SECURITY_COUNCIL,closeness_centrality,0.0,exact
buildup_may,TRUMP,closeness_centrality,1.0036764705882353,exact
buildup_may,USA,closeness_centrality,1.0036764705882353,exact
buildup_may,QATAR,closeness_centrality,0.9585674157303371,exact
buildup_may,GROSSI,closeness_centrality,0.980603448275862,exact
buildup_may,GULF_STATES,closeness_centrality,0.9585674157303371,exact
buildup_may,DEMOCRATS,closeness_centrality,0.9585674157303371,exact
buildup_may,BAHRAIN,closeness_centrality,0.0,exact
buildup_may,OMAN,eigenvector_katz,0.06571266047987032,katz_fallback
buildup_may,NETANYAHU,eigenvector_katz,0.08011733864282027,katz_fallback
buildup_may,ARAGHCHI,eigenvector_katz,0.07319331441549569,katz_fallback
buildup_may,US_SENATE,eigenvector_katz,0.048844006289654594,katz_fallback
buildup_may,REPUBLICANS,eigenvector_katz,0.05765385110961767,katz_fallback
buildup_may,WITKOFF,eigenvector_katz,0.08516543624408952,katz_fallback
buildup_may,SYRIA,eigenvector_katz,0.06857217525064872,katz_fallback
buildup_may,GAZA,eigenvector_katz,0.062023914412130884,katz_fallback
buildup_may,IRAQ,eigenvector_katz,0.04790262855220077,katz_fallback
buildup_may,UK,eigenvector_katz,0.05021704978422785,katz_fallback
buildup_may,UKRAINE,eigenvector_katz,0.06838607177906231,katz_fallback
buildup_may,VANCE,eigenvector_katz,0.05010138431301094,katz_fallback
buildup_may,UAE,eigenvector_katz,0.05478235584631573,katz_fallback
buildup_may,LEBANON,eigenvector_katz,0.05002076210067732,katz_fallback
buildup_may,IAEA,eigenvector_katz,0.061791384225334776,katz_fallback
buildup_may,NATO,eigenvector_katz,0.04806522535865248,katz_fallback
buildup_may,RUBIO,eigenvector_katz,0.057986686197177374,katz_fallback
buildup_may,GERMANY,eigenvector_katz,0.049314206460023,katz_fallback
buildup_may,HEGSETH,eigenvector_katz,0.04815765365230301,katz_fallback
buildup_may,HEZBOLLAH,eigenvector_katz,0.050490962271045735,katz_fallback
buildup_may,PUTIN,eigenvector_katz,0.05154316972910454,katz_fallback
buildup_may,SAUDI_ARABIA,eigenvector_katz,0.06651969533075268,katz_fallback
buildup_may,KHAMENEI,eigenvector_katz,0.056569523592245465,katz_fallback
buildup_may,IRAN,eigenvector_katz,0.4932314781339011,katz_fallback
buildup_may,BIDEN,eigenvector_katz,0.05073286567324396,katz_fallback
buildup_may,RUSSIA,eigenvector_katz,0.06915180753000041,katz_fallback
buildup_may,HOUTHIS,eigenvector_katz,0.06693486262194048,katz_fallback
buildup_may,CHINA,eigenvector_katz,0.051096655930866326,katz_fallback
buildup_may,OBAMA,eigenvector_katz,0.06839780254758214,katz_fallback
buildup_may,US_CONGRESS,eigenvector_katz,0.04978999132750108,katz_fallback
buildup_may,HAMAS,eigenvector_katz,0.056149312513503566,katz_fallback
buildup_may,EU,eigenvector_katz,0.05393989727428801,katz_fallback
buildup_may,YEMEN,eigenvector_katz,0.05916216845259925,katz_fallback
buildup_may,PEZESHKIAN,eigenvector_katz,0.05621031037065016,katz_fallback
buildup_may,FRANCE,eigenvector_katz,0.04746537809797166,katz_fallback
buildup_may,ISRAEL,eigenvector_katz,0.13097775250765453,katz_fallback
buildup_may,UN_SECURITY_COUNCIL,eigenvector_katz,0.04746537809797166,katz_fallback
buildup_may,TRUMP,eigenvector_katz,0.2877190516404864,katz_fallback
buildup_may,USA,eigenvector_katz,0.271480438034595,katz_fallback
buildup_may,QATAR,eigenvector_katz,0.056457835235155455,katz_fallback
buildup_may,GROSSI,eigenvector_katz,0.05494967092785385,katz_fallback
buildup_may,GULF_STATES,eigenvector_katz,0.049221778166372465,katz_fallback
buildup_may,DEMOCRATS,eigenvector_katz,0.05135595011149114,katz_fallback
buildup_may,BAHRAIN,eigenvector_katz,0.04746537809797166,katz_fallback
buildup_jun1,OMAN,degree_centrality,0.6000000000000001,exact
buildup_jun1,NETANYAHU,degree_centrality,0.8,exact
buildup_jun1,ARAGHCHI,degree_centrality,0.6000000000000001,exact
buildup_jun1,US_SENATE,degree_centrality,0.2,exact
buildup_jun1,REPUBLICANS,degree_centrality,0.2,exact
buildup_jun1,WITKOFF,degree_centrality,0.8,exact
buildup_jun1,SYRIA,degree_centrality,0.6000000000000001,exact
buildup_jun1,GAZA,degree_centrality,0.6000000000000001,exact
buildup_jun1,IRAQ,degree_centrality,0.6000000000000001,exact
buildup_jun1,UK,degree_centrality,0.8,exact
buildup_jun1,UKRAINE,degree_centrality,1.0,exact
buildup_jun1,VANCE,degree_centrality,0.0,exact
buildup_jun1,UAE,degree_centrality,0.2,exact
buildup_jun1,LEBANON,degree_centrality,0.4,exact
buildup_jun1,IAEA,degree_centrality,0.6000000000000001,exact
buildup_jun1,NATO,degree_centrality,0.0,exact
buildup_jun1,RUBIO,degree_centrality,0.8,exact
buildup_jun1,GERMANY,degree_centrality,0.6000000000000001,exact
buildup_jun1,HEGSETH,degree_centrality,0.6000000000000001,exact
buildup_jun1,HEZBOLLAH,degree_centrality,0.8,exact
buildup_jun1,PUTIN,degree_centrality,1.0,exact
buildup_jun1,SAUDI_ARABIA,degree_centrality,0.6000000000000001,exact
buildup_jun1,KHAMENEI,degree_centrality,0.8,exact
buildup_jun1,IRAN,degree_centrality,1.0,exact
buildup_jun1,BIDEN,degree_centrality,0.6000000000000001,exact
buildup_jun1,RUSSIA,degree_centrality,1.0,exact
buildup_jun1,HOUTHIS,degree_centrality,0.6000000000000001,exact
buildup_jun1,CHINA,degree_centrality,0.8,exact
buildup_jun1,OBAMA,degree_centrality,0.8,exact
buildup_jun1,US_CONGRESS,degree_centrality,0.6000000000000001,exact
buildup_jun1,HAMAS,degree_centrality,0.8,exact
buildup_jun1,EU,degree_centrality,1.0,exact
buildup_jun1,YEMEN,degree_centrality,0.4,exact
buildup_jun1,PEZESHKIAN,degree_centrality,0.2,exact
buildup_jun1,FRANCE,degree_centrality,0.6000000000000001,exact
buildup_jun1,ISRAEL,degree_centrality,1.0,exact
buildup_jun1,UN_SECURITY_COUNCIL,degree_centrality,0.0,exact
buildup_jun1,TRUMP,degree_centrality,1.0,exact
buildup_jun1,USA,degree_centrality,1.0,exact
buildup_jun1,QATAR,degree_centrality,0.4,exact
buildup_jun1,GROSSI,degree_centrality,0.6000000000000001,exact
buildup_jun1,GULF_STATES,degree_centrality,0.0,exact
buildup_jun1,DEMOCRATS,degree_centrality,0.4,exact
buildup_jun1,BAHRAIN,degree_centrality,0.2,exact
buildup_jun1,OMAN,betweenness_centrality,0.0019159561972945645,exact
buildup_jun1,NETANYAHU,betweenness_centrality,0.0037557934061329553,exact
buildup_jun1,ARAGHCHI,betweenness_centrality,0.0014616632752055725,exact
buildup_jun1,US_SENATE,betweenness_centrality,0.0,exact
buildup_jun1,REPUBLICANS,betweenness_centrality,0.0,exact
buildup_jun1,WITKOFF,betweenness_centrality,0.0037557934061329553,exact
buildup_jun1,SYRIA,betweenness_centrality,0.0029122473629538195,exact
buildup_jun1,GAZA,betweenness_centrality,0.0014616632752055725,exact
buildup_jun1,IRAQ,betweenness_centrality,0.002492131780513553,exact
buildup_jun1,UK,betweenness_centrality,0.0037557934061329553,exact
buildup_jun1,UKRAINE,betweenness_centrality,0.007535297372545647,exact
buildup_jun1,VANCE,betweenness_centrality,0.0,exact
buildup_jun1,UAE,betweenness_centrality,0.0,exact
buildup_jun1,LEBANON,betweenness_centrality,0.0008229935843921531,exact
buildup_jun1,IAEA,betweenness_centrality,0.0014616632752055725,exact
buildup_jun1,NATO,betweenness_centrality,0.0,exact
buildup_jun1,RUBIO,betweenness_centrality,0.0037557934061329553,exact
buildup_jun1,GERMANY,betweenness_centrality,0.0014616632752055725,exact
buildup_jun1,HEGSETH,betweenness_centrality,0.002492131780513553,exact
buildup_jun1,HEZBOLLAH,betweenness_centrality,0.0040383510761993115,exact
buildup_jun1,PUTIN,betweenness_centrality,0.007535297372545647,exact
buildup_jun1,SAUDI_ARABIA,betweenness_centrality,0.0014616632752055725,exact
buildup_jun1,KHAMENEI,betweenness_centrality,0.0037557934061329553,exact
buildup_jun1,IRAN,betweenness_centrality,0.007535297372545647,exact
buildup_jun1,BIDEN,betweenness_centrality,0.002492131780513553,exact
buildup_jun1,RUSSIA,betweenness_centrality,0.007535297372545647,exact
buildup_jun1,HOUTHIS,betweenness_centrality,0.0029122473629538195,exact
buildup_jun1,CHINA,betweenness_centrality,0.0037557934061329553,exact
buildup_jun1,OBAMA,betweenness_centrality,0.0037557934061329553,exact
buildup_jun1,US_CONGRESS,betweenness_centrality,0.0014616632752055725,exact
buildup_jun1,HAMAS,betweenness_centrality,0.0037557934061329553,exact
buildup_jun1,EU,betweenness_centrality,0.007535297372545647,exact
buildup_jun1,YEMEN,betweenness_centrality,0.0007267330038599126,exact
buildup_jun1,PEZESHKIAN,betweenness_centrality,0.0,exact
buildup_jun1,FRANCE,betweenness_centrality,0.0014616632752055725,exact
buildup_jun1,ISRAEL,betweenness_centrality,0.007535297372545647,exact
buildup_jun1,UN_SECURITY_COUNCIL,betweenness_centrality,0.0,exact
buildup_jun1,TRUMP,betweenness_centrality,0.007535297372545647,exact
buildup_jun1,USA,betweenness_centrality,0.007535297372545647,exact
buildup_jun1,QATAR,betweenness_centrality,0.000802525909628303,exact
buildup_jun1,GROSSI,betweenness_centrality,0.001754053771788625,exact
buildup_jun1,GULF_STATES,betweenness_centrality,0.0,exact
buildup_jun1,DEMOCRATS,betweenness_centrality,0.0009424051922614865,exact
buildup_jun1,BAHRAIN,betweenness_centrality,0.0,exact
buildup_jun1,OMAN,closeness_centrality,0.9166666666666666,exact
buildup_jun1,NETANYAHU,closeness_centrality,0.9813725490196078,exact
buildup_jun1,ARAGHCHI,closeness_centrality,0.9372659176029963,exact
buildup_jun1,US_SENATE,closeness_centrality,0.8098705501618123,exact
buildup_jun1,REPUBLICANS,closeness_centrality,0.8098705501618123,exact
buildup_jun1,WITKOFF,closeness_centrality,0.9813725490196078,exact
buildup_jun1,SYRIA,closeness_centrality,0.9372659176029963,exact
buildup_jun1,GAZA,closeness_centrality,0.9372659176029963,exact
buildup_jun1,IRAQ,closeness_centrality,0.9588122605363983,exact
buildup_jun1,UK,closeness_centrality,0.9813725490196078,exact
buildup_jun1,UKRAINE,closeness_centrality,1.0050200803212852,exact
buildup_jun1,VANCE,closeness_centrality,0.0,exact
buildup_jun1,UAE,closeness_centrality,0.8098705501618123,exact
buildup_jun1,LEBANON,closeness_centrality,0.8780701754385964,exact
buildup_jun1,IAEA,closeness_centrality,0.9372659176029963,exact
buildup_jun1,NATO,closeness_centrality,0.0,exact
buildup_jun1,RUBIO,closeness_centrality,0.9813725490196078,exact
buildup_jun1,GERMANY,closeness_centrality,0.9372659176029963,exact
buildup_jun1,HEGSETH,closeness_centrality,0.9588122605363983,exact
buildup_jun1,HEZBOLLAH,closeness_centrality,0.9166666666666666,exact
buildup_jun1,PUTIN,closeness_centrality,1.0050200803212852,exact
buildup_jun1,SAUDI_ARABIA,closeness_centrality,0.9372659176029963,exact
buildup_jun1,KHAMENEI,closeness_centrality,0.9813725490196078,exact
buildup_jun1,IRAN,closeness_centrality,1.0050200803212852,exact
buildup_jun1,BIDEN,closeness_centrality,0.9588122605363983,exact
buildup_jun1,RUSSIA,closeness_centrality,1.0050200803212852,exact
buildup_jun1,HOUTHIS,closeness_centrality,0.9372659176029963,exact
buildup_jun1,CHINA,closeness_centrality,0.9813725490196078,exact
buildup_jun1,OBAMA,closeness_centrality,0.9813725490196078,exact
buildup_jun1,US_CONGRESS,closeness_centrality,0.9372659176029963,exact
buildup_jun1,HAMAS,closeness_centrality,0.9813725490196078,exact
buildup_jun1,EU,closeness_centrality,1.0050200803212852,exact
buildup_jun1,YEMEN,closeness_centrality,0.9166666666666666,exact
buildup_jun1,PEZESHKIAN,closeness_centrality,0.8098705501618123,exact
buildup_jun1,FRANCE,closeness_centrality,0.9372659176029963,exact
buildup_jun1,ISRAEL,closeness_centrality,1.0050200803212852,exact
buildup_jun1,UN_SECURITY_COUNCIL,closeness_centrality,0.0,exact
buildup_jun1,TRUMP,closeness_centrality,1.0050200803212852,exact
buildup_jun1,USA,closeness_centrality,1.0050200803212852,exact
buildup_jun1,QATAR,closeness_centrality,0.8259075907590759,exact
buildup_jun1,GROSSI,closeness_centrality,0.8599656357388316,exact
buildup_jun1,GULF_STATES,closeness_centrality,0.0,exact
buildup_jun1,DEMOCRATS,closeness_centrality,0.8780701754385964,exact
buildup_jun1,BAHRAIN,closeness_centrality,0.6781842818428184,exact
buildup_jun1,OMAN,eigenvector_katz,0.05122427633769595,katz_fallback
buildup_jun1,NETANYAHU,eigenvector_katz,0.09261696815868266,katz_fallback
buildup_jun1,ARAGHCHI,eigenvector_katz,0.05074855730290739,katz_fallback
buildup_jun1,US_SENATE,eigenvector_katz,0.04687606170804858,katz_fallback
buildup_jun1,REPUBLICANS,eigenvector_katz,0.047325667958951184,katz_fallback
buildup_jun1,WITKOFF,eigenvector_katz,0.068084953193858,katz_fallback
buildup_jun1,SYRIA,eigenvector_katz,0.05021641906032178,katz_fallback
buildup_jun1,GAZA,eigenvector_katz,0.06423826517296938,katz_fallback
buildup_jun1,IRAQ,eigenvector_katz,0.052909885920858025,katz_fallback
buildup_jun1,UK,eigenvector_katz,0.0531984875574704,katz_fallback
buildup_jun1,UKRAINE,eigenvector_katz,0.10940204041735879,katz_fallback
buildup_jun1,VANCE,eigenvector_katz,0.04642645545714596,katz_fallback
buildup_jun1,UAE,eigenvector_katz,0.04759092567827351,katz_fallback
buildup_jun1,LEBANON,eigenvector_katz,0.04716743221125683,katz_fallback
buildup_jun1,IAEA,eigenvector_katz,0.07680876805522355,katz_fallback
buildup_jun1,NATO,eigenvector_katz,0.04642645545714596,katz_fallback
buildup_jun1,RUBIO,eigenvector_katz,0.051167615679545385,katz_fallback
buildup_jun1,GERMANY,eigenvector_katz,0.05074855730290739,katz_fallback
buildup_jun1,HEGSETH,eigenvector_katz,0.04819927357272322,katz_fallback
buildup_jun1,HEZBOLLAH,eigenvector_katz,0.052111786032585684,katz_fallback
buildup_jun1,PUTIN,eigenvector_katz,0.0915216583280901,katz_fallback
buildup_jun1,SAUDI_ARABIA,eigenvector_katz,0.0502834241669461,katz_fallback
buildup_jun1,KHAMENEI,eigenvector_katz,0.06494708551414982,katz_fallback
buildup_jun1,IRAN,eigenvector_katz,0.5024099217604396,katz_fallback
buildup_jun1,BIDEN,eigenvector_katz,0.04983946282863931,katz_fallback
buildup_jun1,RUSSIA,eigenvector_katz,0.10712778253270645,katz_fallback
buildup_jun1,HOUTHIS,eigenvector_katz,0.051513518141110486,katz_fallback
buildup_jun1,CHINA,eigenvector_katz,0.05219945704101178,katz_fallback
buildup_jun1,OBAMA,eigenvector_katz,0.06874163881837415,katz_fallback
buildup_jun1,US_CONGRESS,eigenvector_katz,0.052066322285497874,katz_fallback
buildup_jun1,HAMAS,eigenvector_katz,0.053639264984436164,katz_fallback
buildup_jun1,EU,eigenvector_katz,0.056823756739162214,katz_fallback
buildup_jun1,YEMEN,eigenvector_katz,0.050951707481995,katz_fallback
buildup_jun1,PEZESHKIAN,eigenvector_katz,0.04687606170804858,katz_fallback
buildup_jun1,FRANCE,eigenvector_katz,0.049701189056382336,katz_fallback
buildup_jun1,ISRAEL,eigenvector_katz,0.21331595697252095,katz_fallback
buildup_jun1,UN_SECURITY_COUNCIL,eigenvector_katz,0.04642645545714596,katz_fallback
buildup_jun1,TRUMP,eigenvector_katz,0.24444226223363516,katz_fallback
buildup_jun1,USA,eigenvector_katz,0.2260443471972658,katz_fallback
buildup_jun1,QATAR,eigenvector_katz,0.04712089497592262,katz_fallback
buildup_jun1,GROSSI,eigenvector_katz,0.05542745537440227,katz_fallback
buildup_jun1,GULF_STATES,eigenvector_katz,0.04642645545714596,katz_fallback
buildup_jun1,DEMOCRATS,eigenvector_katz,0.04748440960249828,katz_fallback
buildup_jun1,BAHRAIN,eigenvector_katz,0.04658519710069305,katz_fallback
climax_w1,OMAN,degree_centrality,0.8,exact
climax_w1,NETANYAHU,degree_centrality,1.0,exact
climax_w1,ARAGHCHI,degree_centrality,0.8,exact
climax_w1,US_SENATE,degree_centrality,0.6000000000000001,exact
climax_w1,REPUBLICANS,degree_centrality,1.0,exact
climax_w1,WITKOFF,degree_centrality,0.8,exact
climax_w1,SYRIA,degree_centrality,1.0,exact
climax_w1,GAZA,degree_centrality,1.0,exact
climax_w1,IRAQ,degree_centrality,1.0,exact
climax_w1,UK,degree_centrality,0.8,exact
climax_w1,UKRAINE,degree_centrality,1.0,exact
climax_w1,VANCE,degree_centrality,1.0,exact
climax_w1,UAE,degree_centrality,0.8,exact
climax_w1,LEBANON,degree_centrality,1.0,exact
climax_w1,IAEA,degree_centrality,1.0,exact
climax_w1,NATO,degree_centrality,0.4,exact
climax_w1,RUBIO,degree_centrality,1.0,exact
climax_w1,GERMANY,degree_centrality,1.0,exact
climax_w1,HEGSETH,degree_centrality,1.0,exact
climax_w1,HEZBOLLAH,degree_centrality,1.0,exact
climax_w1,PUTIN,degree_centrality,1.0,exact
climax_w1,SAUDI_ARABIA,degree_centrality,1.0,exact
climax_w1,KHAMENEI,degree_centrality,1.0,exact
climax_w1,IRAN,degree_centrality,1.0,exact
climax_w1,BIDEN,degree_centrality,0.8,exact
climax_w1,RUSSIA,degree_centrality,1.0,exact
climax_w1,HOUTHIS,degree_centrality,0.6000000000000001,exact
climax_w1,CHINA,degree_centrality,1.0,exact
climax_w1,OBAMA,degree_centrality,1.0,exact
climax_w1,US_CONGRESS,degree_centrality,1.0,exact
climax_w1,HAMAS,degree_centrality,1.0,exact
climax_w1,EU,degree_centrality,0.8,exact
climax_w1,YEMEN,degree_centrality,0.8,exact
climax_w1,PEZESHKIAN,degree_centrality,0.8,exact
climax_w1,FRANCE,degree_centrality,1.0,exact
climax_w1,ISRAEL,degree_centrality,1.0,exact
climax_w1,UN_SECURITY_COUNCIL,degree_centrality,0.0,exact
climax_w1,TRUMP,degree_centrality,1.0,exact
climax_w1,USA,degree_centrality,1.0,exact
climax_w1,QATAR,degree_centrality,0.6000000000000001,exact
climax_w1,GROSSI,degree_centrality,0.8,exact
climax_w1,GULF_STATES,degree_centrality,0.2,exact
climax_w1,DEMOCRATS,degree_centrality,0.8,exact
climax_w1,BAHRAIN,degree_centrality,0.0,exact
climax_w1,OMAN,betweenness_centrality,0.00045190875420492735,exact
climax_w1,NETANYAHU,betweenness_centrality,0.0011772133432843106,exact
climax_w1,ARAGHCHI,betweenness_centrality,0.00045190875420492735,exact
climax_w1,US_SENATE,betweenness_centrality,0.0002234188233152263,exact
climax_w1,REPUBLICANS,betweenness_centrality,0.0011772133432843106,exact
climax_w1,WITKOFF,betweenness_centrality,0.0007573006510924915,exact
climax_w1,SYRIA,betweenness_centrality,0.0011772133432843106,exact
climax_w1,GAZA,betweenness_centrality,0.0011772133432843106,exact
climax_w1,IRAQ,betweenness_centrality,0.0011772133432843106,exact
climax_w1,UK,betweenness_centrality,0.00045190875420492735,exact
climax_w1,UKRAINE,betweenness_centrality,0.0011772133432843106,exact
climax_w1,VANCE,betweenness_centrality,0.0011772133432843106,exact
climax_w1,UAE,betweenness_centrality,0.00045190875420492735,exact
climax_w1,LEBANON,betweenness_centrality,0.0011772133432843106,exact
climax_w1,IAEA,betweenness_centrality,0.0011772133432843106,exact
climax_w1,NATO,betweenness_centrality,7.506970047686661e-05,exact
climax_w1,RUBIO,betweenness_centrality,0.0011772133432843106,exact
climax_w1,GERMANY,betweenness_centrality,0.0011772133432843106,exact
climax_w1,HEGSETH,betweenness_centrality,0.0011772133432843106,exact
climax_w1,HEZBOLLAH,betweenness_centrality,0.0011772133432843106,exact
climax_w1,PUTIN,betweenness_centrality,0.0011772133432843106,exact
climax_w1,SAUDI_ARABIA,betweenness_centrality,0.0011772133432843106,exact
climax_w1,KHAMENEI,betweenness_centrality,0.0011772133432843106,exact
climax_w1,IRAN,betweenness_centrality,0.0011772133432843106,exact
climax_w1,BIDEN,betweenness_centrality,0.00045190875420492735,exact
climax_w1,RUSSIA,betweenness_centrality,0.0011772133432843106,exact
climax_w1,HOUTHIS,betweenness_centrality,0.0002234188233152263,exact
climax_w1,CHINA,betweenness_centrality,0.0011772133432843106,exact
climax_w1,OBAMA,betweenness_centrality,0.0011772133432843106,exact
climax_w1,US_CONGRESS,betweenness_centrality,0.0011772133432843106,exact
climax_w1,HAMAS,betweenness_centrality,0.0011772133432843106,exact
climax_w1,EU,betweenness_centrality,0.00045190875420492735,exact
climax_w1,YEMEN,betweenness_centrality,0.00045190875420492735,exact
climax_w1,PEZESHKIAN,betweenness_centrality,0.00045190875420492735,exact
climax_w1,FRANCE,betweenness_centrality,0.0011772133432843106,exact
climax_w1,ISRAEL,betweenness_centrality,0.0011772133432843106,exact
climax_w1,UN_SECURITY_COUNCIL,betweenness_centrality,0.0,exact
climax_w1,TRUMP,betweenness_centrality,0.0011772133432843106,exact
climax_w1,USA,betweenness_centrality,0.0011772133432843106,exact
climax_w1,QATAR,betweenness_centrality,0.00020516086005542547,exact
climax_w1,GROSSI,betweenness_centrality,0.0007573006510924915,exact
climax_w1,GULF_STATES,betweenness_centrality,0.0,exact
climax_w1,DEMOCRATS,betweenness_centrality,0.00045190875420492735,exact
climax_w1,BAHRAIN,betweenness_centrality,0.0,exact
climax_w1,OMAN,closeness_centrality,0.979868913857678,exact
climax_w1,NETANYAHU,closeness_centrality,1.0023946360153257,exact
climax_w1,ARAGHCHI,closeness_centrality,0.979868913857678,exact
climax_w1,US_SENATE,closeness_centrality,0.9583333333333334,exact
climax_w1,REPUBLICANS,closeness_centrality,1.0023946360153257,exact
climax_w1,WITKOFF,closeness_centrality,0.979868913857678,exact
climax_w1,SYRIA,closeness_centrality,1.0023946360153257,exact
climax_w1,GAZA,closeness_centrality,1.0023946360153257,exact
climax_w1,IRAQ,closeness_centrality,1.0023946360153257,exact
climax_w1,UK,closeness_centrality,0.979868913857678,exact
climax_w1,UKRAINE,closeness_centrality,1.0023946360153257,exact
climax_w1,VANCE,closeness_centrality,1.0023946360153257,exact
climax_w1,UAE,closeness_centrality,0.979868913857678,exact
climax_w1,LEBANON,closeness_centrality,1.0023946360153257,exact
climax_w1,IAEA,closeness_centrality,1.0023946360153257,exact
climax_w1,NATO,closeness_centrality,0.9377240143369177,exact
climax_w1,RUBIO,closeness_centrality,1.0023946360153257,exact
climax_w1,GERMANY,closeness_centrality,1.0023946360153257,exact
climax_w1,HEGSETH,closeness_centrality,1.0023946360153257,exact
climax_w1,HEZBOLLAH,closeness_centrality,1.0023946360153257,exact
climax_w1,PUTIN,closeness_centrality,1.0023946360153257,exact
climax_w1,SAUDI_ARABIA,closeness_centrality,1.0023946360153257,exact
climax_w1,KHAMENEI,closeness_centrality,1.0023946360153257,exact
climax_w1,IRAN,closeness_centrality,1.0023946360153257,exact
climax_w1,BIDEN,closeness_centrality,0.979868913857678,exact
climax_w1,RUSSIA,closeness_centrality,1.0023946360153257,exact
climax_w1,HOUTHIS,closeness_centrality,0.9583333333333334,exact
climax_w1,CHINA,closeness_centrality,1.0023946360153257,exact
climax_w1,OBAMA,closeness_centrality,1.0023946360153257,exact
climax_w1,US_CONGRESS,closeness_centrality,1.0023946360153257,exact
climax_w1,HAMAS,closeness_centrality,1.0023946360153257,exact
climax_w1,EU,closeness_centrality,0.979868913857678,exact
climax_w1,YEMEN,closeness_centrality,0.979868913857678,exact
climax_w1,PEZESHKIAN,closeness_centrality,0.979868913857678,exact
climax_w1,FRANCE,closeness_centrality,1.0023946360153257,exact
climax_w1,ISRAEL,closeness_centrality,1.0023946360153257,exact
climax_w1,UN_SECURITY_COUNCIL,closeness_centrality,0.0,exact
climax_w1,TRUMP,closeness_centrality,1.0023946360153257,exact
climax_w1,USA,closeness_centrality,1.0023946360153257,exact
climax_w1,QATAR,closeness_centrality,0.9583333333333334,exact
climax_w1,GROSSI,closeness_centrality,0.979868913857678,exact
climax_w1,GULF_STATES,closeness_centrality,0.9179824561403509,exact
climax_w1,DEMOCRATS,closeness_centrality,0.979868913857678,exact
climax_w1,BAHRAIN,closeness_centrality,0.0,exact
climax_w1,OMAN,eigenvector_katz,0.057767267190660644,katz_fallback
climax_w1,NETANYAHU,eigenvector_katz,0.09176380527070864,katz_fallback
climax_w1,ARAGHCHI,eigenvector_katz,0.05415660797763426,katz_fallback
climax_w1,US_SENATE,eigenvector_katz,0.05306133110660492,katz_fallback
climax_w1,REPUBLICANS,eigenvector_katz,0.06080500157789558,katz_fallback
climax_w1,WITKOFF,eigenvector_katz,0.05447917241008547,katz_fallback
climax_w1,SYRIA,eigenvector_katz,0.05513034752324127,katz_fallback
climax_w1,GAZA,eigenvector_katz,0.059269853800587996,katz_fallback
climax_w1,IRAQ,eigenvector_katz,0.05811345907882466,katz_fallback
climax_w1,UK,eigenvector_katz,0.05344487368801868,katz_fallback
climax_w1,UKRAINE,eigenvector_katz,0.056059677076911264,katz_fallback
climax_w1,VANCE,eigenvector_katz,0.05418816449925677,katz_fallback
climax_w1,UAE,eigenvector_katz,0.05367149028306907,katz_fallback
climax_w1,LEBANON,eigenvector_katz,0.0557886161253814,katz_fallback
climax_w1,IAEA,eigenvector_katz,0.06767889445823004,katz_fallback
climax_w1,NATO,eigenvector_katz,0.052419432964618186,katz_fallback
climax_w1,RUBIO,eigenvector_katz,0.05858539516776595,katz_fallback
climax_w1,GERMANY,eigenvector_katz,0.05351531702881771,katz_fallback
climax_w1,HEGSETH,eigenvector_katz,0.05357984066954082,katz_fallback
climax_w1,HEZBOLLAH,eigenvector_katz,0.057280355766508,katz_fallback
climax_w1,PUTIN,eigenvector_katz,0.053681841011625236,katz_fallback
climax_w1,SAUDI_ARABIA,eigenvector_katz,0.055187027867591075,katz_fallback
climax_w1,KHAMENEI,eigenvector_katz,0.06183847521200681,katz_fallback
climax_w1,IRAN,eigenvector_katz,0.4648938126852679,katz_fallback
climax_w1,BIDEN,eigenvector_katz,0.053442574502080786,katz_fallback
climax_w1,RUSSIA,eigenvector_katz,0.05840545201782842,katz_fallback
climax_w1,HOUTHIS,eigenvector_katz,0.05558918280570346,katz_fallback
climax_w1,CHINA,eigenvector_katz,0.05453500539553782,katz_fallback
climax_w1,OBAMA,eigenvector_katz,0.05550656435823273,katz_fallback
climax_w1,US_CONGRESS,eigenvector_katz,0.056164606082220334,katz_fallback
climax_w1,HAMAS,eigenvector_katz,0.05997803318264134,katz_fallback
climax_w1,EU,eigenvector_katz,0.05365930061595871,katz_fallback
climax_w1,YEMEN,eigenvector_katz,0.05405835912819104,katz_fallback
climax_w1,PEZESHKIAN,eigenvector_katz,0.053253359166754395,katz_fallback
climax_w1,FRANCE,eigenvector_katz,0.05497115039864924,katz_fallback
climax_w1,ISRAEL,eigenvector_katz,0.37900379871358886,katz_fallback
climax_w1,UN_SECURITY_COUNCIL,eigenvector_katz,0.052132778814527894,katz_fallback
climax_w1,TRUMP,eigenvector_katz,0.17452484140053032,katz_fallback
climax_w1,USA,eigenvector_katz,0.19458191091966878,katz_fallback
climax_w1,QATAR,eigenvector_katz,0.05272517433963251,katz_fallback
climax_w1,GROSSI,eigenvector_katz,0.05916196262568734,katz_fallback
climax_w1,GULF_STATES,eigenvector_katz,0.05238355770070801,katz_fallback
climax_w1,DEMOCRATS,eigenvector_katz,0.05650977361764122,katz_fallback
climax_w1,BAHRAIN,eigenvector_katz,0.052132778814527894,katz_fallback
climax_w2,OMAN,degree_centrality,0.8,exact
climax_w2,NETANYAHU,degree_centrality,1.0,exact
climax_w2,ARAGHCHI,degree_centrality,1.0,exact
climax_w2,US_SENATE,degree_centrality,1.0,exact
climax_w2,REPUBLICANS,degree_centrality,1.0,exact
climax_w2,WITKOFF,degree_centrality,0.8,exact
climax_w2,SYRIA,degree_centrality,1.0,exact
climax_w2,GAZA,degree_centrality,1.0,exact
climax_w2,IRAQ,degree_centrality,1.0,exact
climax_w2,UK,degree_centrality,1.0,exact
climax_w2,UKRAINE,degree_centrality,1.0,exact
climax_w2,VANCE,degree_centrality,1.0,exact
climax_w2,UAE,degree_centrality,0.8,exact
climax_w2,LEBANON,degree_centrality,1.0,exact
climax_w2,IAEA,degree_centrality,1.0,exact
climax_w2,NATO,degree_centrality,1.0,exact
climax_w2,RUBIO,degree_centrality,1.0,exact
climax_w2,GERMANY,degree_centrality,1.0,exact
climax_w2,HEGSETH,degree_centrality,1.0,exact
climax_w2,HEZBOLLAH,degree_centrality,1.0,exact
climax_w2,PUTIN,degree_centrality,1.0,exact
climax_w2,SAUDI_ARABIA,degree_centrality,1.0,exact
climax_w2,KHAMENEI,degree_centrality,1.0,exact
climax_w2,IRAN,degree_centrality,1.0,exact
climax_w2,BIDEN,degree_centrality,1.0,exact
climax_w2,RUSSIA,degree_centrality,1.0,exact
climax_w2,HOUTHIS,degree_centrality,1.0,exact
climax_w2,CHINA,degree_centrality,1.0,exact
climax_w2,OBAMA,degree_centrality,1.0,exact
climax_w2,US_CONGRESS,degree_centrality,1.0,exact
climax_w2,HAMAS,degree_centrality,1.0,exact
climax_w2,EU,degree_centrality,1.0,exact
climax_w2,YEMEN,degree_centrality,1.0,exact
climax_w2,PEZESHKIAN,degree_centrality,0.8,exact
climax_w2,FRANCE,degree_centrality,1.0,exact
climax_w2,ISRAEL,degree_centrality,1.0,exact
climax_w2,UN_SECURITY_COUNCIL,degree_centrality,0.0,exact
climax_w2,TRUMP,degree_centrality,1.0,exact
climax_w2,USA,degree_centrality,1.0,exact
climax_w2,QATAR,degree_centrality,1.0,exact
climax_w2,GROSSI,degree_centrality,1.0,exact
climax_w2,GULF_STATES,degree_centrality,0.0,exact
climax_w2,DEMOCRATS,degree_centrality,1.0,exact
climax_w2,BAHRAIN,degree_centrality,0.8,exact
climax_w2,OMAN,betweenness_centrality,0.00020048331372217757,exact
climax_w2,NETANYAHU,betweenness_centrality,0.00041178736950433457,exact
climax_w2,ARAGHCHI,betweenness_centrality,0.00041178736950433457,exact
climax_w2,US_SENATE,betweenness_centrality,0.00041178736950433457,exact
climax_w2,REPUBLICANS,betweenness_centrality,0.00041178736950433457,exact
climax_w2,WITKOFF,betweenness_centrality,0.00022453116915657631,exact
climax_w2,SYRIA,betweenness_centrality,0.00041178736950433457,exact
climax_w2,GAZA,betweenness_centrality,0.00041178736950433457,exact
climax_w2,IRAQ,betweenness_centrality,0.00041178736950433457,exact
climax_w2,UK,betweenness_centrality,0.00041178736950433457,exact
climax_w2,UKRAINE,betweenness_centrality,0.00041178736950433457,exact
climax_w2,VANCE,betweenness_centrality,0.00041178736950433457,exact
climax_w2,UAE,betweenness_centrality,0.00020048331372217757,exact
climax_w2,LEBANON,betweenness_centrality,0.00041178736950433457,exact
climax_w2,IAEA,betweenness_centrality,0.00041178736950433457,exact
climax_w2,NATO,betweenness_centrality,0.00041178736950433457,exact
climax_w2,RUBIO,betweenness_centrality,0.00041178736950433457,exact
climax_w2,GERMANY,betweenness_centrality,0.00041178736950433457,exact
climax_w2,HEGSETH,betweenness_centrality,0.00041178736950433457,exact
climax_w2,HEZBOLLAH,betweenness_centrality,0.00041178736950433457,exact
climax_w2,PUTIN,betweenness_centrality,0.00041178736950433457,exact
climax_w2,SAUDI_ARABIA,betweenness_centrality,0.00041178736950433457,exact
climax_w2,KHAMENEI,betweenness_centrality,0.00041178736950433457,exact
climax_w2,IRAN,betweenness_centrality,0.00041178736950433457,exact
climax_w2,BIDEN,betweenness_centrality,0.00041178736950433457,exact
climax_w2,RUSSIA,betweenness_centrality,0.00041178736950433457,exact
climax_w2,HOUTHIS,betweenness_centrality,0.00041178736950433457,exact
climax_w2,CHINA,betweenness_centrality,0.00041178736950433457,exact
climax_w2,OBAMA,betweenness_centrality,0.00041178736950433457,exact
climax_w2,US_CONGRESS,betweenness_centrality,0.00041178736950433457,exact
climax_w2,HAMAS,betweenness_centrality,0.00041178736950433457,exact
climax_w2,EU,betweenness_centrality,0.00041178736950433457,exact
climax_w2,YEMEN,betweenness_centrality,0.00041178736950433457,exact
climax_w2,PEZESHKIAN,betweenness_centrality,0.00020048331372217757,exact
climax_w2,FRANCE,betweenness_centrality,0.00041178736950433457,exact
climax_w2,ISRAEL,betweenness_centrality,0.00041178736950433457,exact
climax_w2,UN_SECURITY_COUNCIL,betweenness_centrality,0.0,exact
climax_w2,TRUMP,betweenness_centrality,0.00041178736950433457,exact
climax_w2,USA,betweenness_centrality,0.00041178736950433457,exact
climax_w2,QATAR,betweenness_centrality,0.00041178736950433457,exact
climax_w2,GROSSI,betweenness_centrality,0.00041178736950433457,exact
climax_w2,GULF_STATES,betweenness_centrality,0.0,exact
climax_w2,DEMOCRATS,betweenness_centrality,0.00041178736950433457,exact
climax_w2,BAHRAIN,betweenness_centrality,0.00022453116915657631,exact
climax_w2,OMAN,closeness_centrality,0.979868913857678,exact
climax_w2,NETANYAHU,closeness_centrality,1.0023946360153257,exact
climax_w2,ARAGHCHI,closeness_centrality,1.0023946360153257,exact
climax_w2,US_SENATE,closeness_centrality,1.0023946360153257,exact
climax_w2,REPUBLICANS,closeness_centrality,1.0023946360153257,exact
climax_w2,WITKOFF,closeness_centrality,0.979868913857678,exact
climax_w2,SYRIA,closeness_centrality,1.0023946360153257,exact
climax_w2,GAZA,closeness_centrality,1.0023946360153257,exact
climax_w2,IRAQ,closeness_centrality,1.0023946360153257,exact
climax_w2,UK,closeness_centrality,1.0023946360153257,exact
climax_w2,UKRAINE,closeness_centrality,1.0023946360153257,exact
climax_w2,VANCE,closeness_centrality,1.0023946360153257,exact
climax_w2,UAE,closeness_centrality,0.979868913857678,exact
climax_w2,LEBANON,closeness_centrality,1.0023946360153257,exact
climax_w2,IAEA,closeness_centrality,1.0023946360153257,exact
climax_w2,NATO,closeness_centrality,1.0023946360153257,exact
climax_w2,RUBIO,closeness_centrality,1.0023946360153257,exact
climax_w2,GERMANY,closeness_centrality,1.0023946360153257,exact
climax_w2,HEGSETH,closeness_centrality,1.0023946360153257,exact
climax_w2,HEZBOLLAH,closeness_centrality,1.0023946360153257,exact
climax_w2,PUTIN,closeness_centrality,1.0023946360153257,exact
climax_w2,SAUDI_ARABIA,closeness_centrality,1.0023946360153257,exact
climax_w2,KHAMENEI,closeness_centrality,1.0023946360153257,exact
climax_w2,IRAN,closeness_centrality,1.0023946360153257,exact
climax_w2,BIDEN,closeness_centrality,1.0023946360153257,exact
climax_w2,RUSSIA,closeness_centrality,1.0023946360153257,exact
climax_w2,HOUTHIS,closeness_centrality,1.0023946360153257,exact
climax_w2,CHINA,closeness_centrality,1.0023946360153257,exact
climax_w2,OBAMA,closeness_centrality,1.0023946360153257,exact
climax_w2,US_CONGRESS,closeness_centrality,1.0023946360153257,exact
climax_w2,HAMAS,closeness_centrality,1.0023946360153257,exact
climax_w2,EU,closeness_centrality,1.0023946360153257,exact
climax_w2,YEMEN,closeness_centrality,1.0023946360153257,exact
climax_w2,PEZESHKIAN,closeness_centrality,0.979868913857678,exact
climax_w2,FRANCE,closeness_centrality,1.0023946360153257,exact
climax_w2,ISRAEL,closeness_centrality,1.0023946360153257,exact
climax_w2,UN_SECURITY_COUNCIL,closeness_centrality,0.0,exact
climax_w2,TRUMP,closeness_centrality,1.0023946360153257,exact
climax_w2,USA,closeness_centrality,1.0023946360153257,exact
climax_w2,QATAR,closeness_centrality,1.0023946360153257,exact
climax_w2,GROSSI,closeness_centrality,1.0023946360153257,exact
climax_w2,GULF_STATES,closeness_centrality,0.0,exact
climax_w2,DEMOCRATS,closeness_centrality,1.0023946360153257,exact
climax_w2,BAHRAIN,closeness_centrality,0.979868913857678,exact
climax_w2,OMAN,eigenvector_katz,0.0512304643227229,katz_fallback
climax_w2,NETANYAHU,eigenvector_katz,0.06781190101820557,katz_fallback
climax_w2,ARAGHCHI,eigenvector_katz,0.055698688327766775,katz_fallback
climax_w2,US_SENATE,eigenvector_katz,0.0532981698631516,katz_fallback
climax_w2,REPUBLICANS,eigenvector_katz,0.062003948447738176,katz_fallback
climax_w2,WITKOFF,eigenvector_katz,0.051388329114706865,katz_fallback
climax_w2,SYRIA,eigenvector_katz,0.05384461960291896,katz_fallback
climax_w2,GAZA,eigenvector_katz,0.05516183324727223,katz_fallback
climax_w2,IRAQ,eigenvector_katz,0.060392135391109,katz_fallback
climax_w2,UK,eigenvector_katz,0.05478667066062112,katz_fallback
climax_w2,UKRAINE,eigenvector_katz,0.053237505333220914,katz_fallback
climax_w2,VANCE,eigenvector_katz,0.05755117889106205,katz_fallback
climax_w2,UAE,eigenvector_katz,0.0521066845753749,katz_fallback
climax_w2,LEBANON,eigenvector_katz,0.0523313197588452,katz_fallback
climax_w2,IAEA,eigenvector_katz,0.06129152043249446,katz_fallback
climax_w2,NATO,eigenvector_katz,0.052087049601526283,katz_fallback
climax_w2,RUBIO,eigenvector_katz,0.05469440997195363,katz_fallback
climax_w2,GERMANY,eigenvector_katz,0.05236973985821711,katz_fallback
climax_w2,HEGSETH,eigenvector_katz,0.058874689210215804,katz_fallback
climax_w2,HEZBOLLAH,eigenvector_katz,0.05299403636740897,katz_fallback
climax_w2,PUTIN,eigenvector_katz,0.05269580485877256,katz_fallback
climax_w2,SAUDI_ARABIA,eigenvector_katz,0.05175938047553029,katz_fallback
climax_w2,KHAMENEI,eigenvector_katz,0.058139600132598196,katz_fallback
climax_w2,IRAN,eigenvector_katz,0.47794563844774896,katz_fallback
climax_w2,BIDEN,eigenvector_katz,0.052074972390211374,katz_fallback
climax_w2,RUSSIA,eigenvector_katz,0.05921974919798959,katz_fallback
climax_w2,HOUTHIS,eigenvector_katz,0.05475262857866851,katz_fallback
climax_w2,CHINA,eigenvector_katz,0.05499539100497393,katz_fallback
climax_w2,OBAMA,eigenvector_katz,0.05401525814539371,katz_fallback
climax_w2,US_CONGRESS,eigenvector_katz,0.06502073910127304,katz_fallback
climax_w2,HAMAS,eigenvector_katz,0.05634632838805097,katz_fallback
climax_w2,EU,eigenvector_katz,0.05544786346703919,katz_fallback
climax_w2,YEMEN,eigenvector_katz,0.05425762875751466,katz_fallback
climax_w2,PEZESHKIAN,eigenvector_katz,0.05145777977428669,katz_fallback
climax_w2,FRANCE,eigenvector_katz,0.05418840901433375,katz_fallback
climax_w2,ISRAEL,eigenvector_katz,0.2300663012452391,katz_fallback
climax_w2,UN_SECURITY_COUNCIL,eigenvector_katz,0.05033392123036949,katz_fallback
climax_w2,TRUMP,eigenvector_katz,0.23213011631330926,katz_fallback
climax_w2,USA,eigenvector_katz,0.3104175389940763,katz_fallback
climax_w2,QATAR,eigenvector_katz,0.061679527318895304,katz_fallback
climax_w2,GROSSI,eigenvector_katz,0.055006624405676476,katz_fallback
climax_w2,GULF_STATES,eigenvector_katz,0.05033392123036949,katz_fallback
climax_w2,DEMOCRATS,eigenvector_katz,0.06366175868306988,katz_fallback
climax_w2,BAHRAIN,eigenvector_katz,0.05121543700208121,katz_fallback
aftermath_jun-jul,OMAN,degree_centrality,0.6000000000000001,exact
aftermath_jun-jul,NETANYAHU,degree_centrality,1.0,exact
aftermath_jun-jul,ARAGHCHI,degree_centrality,1.0,exact
aftermath_jun-jul,US_SENATE,degree_centrality,1.0,exact
aftermath_jun-jul,REPUBLICANS,degree_centrality,1.0,exact
aftermath_jun-jul,WITKOFF,degree_centrality,1.0,exact
aftermath_jun-jul,SYRIA,degree_centrality,1.0,exact
aftermath_jun-jul,GAZA,degree_centrality,1.0,exact
aftermath_jun-jul,IRAQ,degree_centrality,1.0,exact
aftermath_jun-jul,UK,degree_centrality,1.0,exact
aftermath_jun-jul,UKRAINE,degree_centrality,1.0,exact
aftermath_jun-jul,VANCE,degree_centrality,0.6000000000000001,exact
aftermath_jun-jul,UAE,degree_centrality,0.8,exact
aftermath_jun-jul,LEBANON,degree_centrality,1.0,exact
aftermath_jun-jul,IAEA,degree_centrality,1.0,exact
aftermath_jun-jul,NATO,degree_centrality,1.0,exact
aftermath_jun-jul,RUBIO,degree_centrality,1.0,exact
aftermath_jun-jul,GERMANY,degree_centrality,0.8,exact
aftermath_jun-jul,HEGSETH,degree_centrality,1.0,exact
aftermath_jun-jul,HEZBOLLAH,degree_centrality,1.0,exact
aftermath_jun-jul,PUTIN,degree_centrality,1.0,exact
aftermath_jun-jul,SAUDI_ARABIA,degree_centrality,1.0,exact
aftermath_jun-jul,KHAMENEI,degree_centrality,1.0,exact
aftermath_jun-jul,IRAN,degree_centrality,1.0,exact
aftermath_jun-jul,BIDEN,degree_centrality,1.0,exact
aftermath_jun-jul,RUSSIA,degree_centrality,1.0,exact
aftermath_jun-jul,HOUTHIS,degree_centrality,1.0,exact
aftermath_jun-jul,CHINA,degree_centrality,1.0,exact
aftermath_jun-jul,OBAMA,degree_centrality,1.0,exact
aftermath_jun-jul,US_CONGRESS,degree_centrality,1.0,exact
aftermath_jun-jul,HAMAS,degree_centrality,1.0,exact
aftermath_jun-jul,EU,degree_centrality,1.0,exact
aftermath_jun-jul,YEMEN,degree_centrality,1.0,exact
aftermath_jun-jul,PEZESHKIAN,degree_centrality,1.0,exact
aftermath_jun-jul,FRANCE,degree_centrality,1.0,exact
aftermath_jun-jul,ISRAEL,degree_centrality,1.0,exact
aftermath_jun-jul,UN_SECURITY_COUNCIL,degree_centrality,0.0,exact
aftermath_jun-jul,TRUMP,degree_centrality,1.0,exact
aftermath_jun-jul,USA,degree_centrality,1.0,exact
aftermath_jun-jul,QATAR,degree_centrality,1.0,exact
aftermath_jun-jul,GROSSI,degree_centrality,1.0,exact
aftermath_jun-jul,GULF_STATES,degree_centrality,0.0,exact
aftermath_jun-jul,DEMOCRATS,degree_centrality,1.0,exact
aftermath_jun-jul,BAHRAIN,degree_centrality,0.4,exact
aftermath_jun-jul,OMAN,betweenness_centrality,0.0001258453212850607,exact
aftermath_jun-jul,NETANYAHU,betweenness_centrality,0.0005337959419676749,exact
aftermath_jun-jul,ARAGHCHI,betweenness_centrality,0.0005337959419676749,exact
aftermath_jun-jul,US_SENATE,betweenness_centrality,0.0005337959419676749,exact
aftermath_jun-jul,REPUBLICANS,betweenness_centrality,0.0005337959419676749,exact
aftermath_jun-jul,WITKOFF,betweenness_centrality,0.0005337959419676749,exact
aftermath_jun-jul,SYRIA,betweenness_centrality,0.0005337959419676749,exact
aftermath_jun-jul,GAZA,betweenness_centrality,0.0005337959419676749,exact
aftermath_jun-jul,IRAQ,betweenness_centrality,0.0005337959419676749,exact
aftermath_jun-jul,UK,betweenness_centrality,0.0005337959419676749,exact
aftermath_jun-jul,UKRAINE,betweenness_centrality,0.0005337959419676749,exact
aftermath_jun-jul,VANCE,betweenness_centrality,0.00015974231698316058,exact
aftermath_jun-jul,UAE,betweenness_centrality,0.00028393048149456595,exact
aftermath_jun-jul,LEBANON,betweenness_centrality,0.0005337959419676749,exact
aftermath_jun-jul,IAEA,betweenness_centrality,0.0005337959419676749,exact
aftermath_jun-jul,NATO,betweenness_centrality,0.0005337959419676749,exact
aftermath_jun-jul,RUBIO,betweenness_centrality,0.0005337959419676749,exact
aftermath_jun-jul,GERMANY,betweenness_centrality,0.00028393048149456595,exact
aftermath_jun-jul,HEGSETH,betweenness_centrality,0.0005337959419676749,exact
aftermath_jun-jul,HEZBOLLAH,betweenness_centrality,0.0005337959419676749,exact
aftermath_jun-jul,PUTIN,betweenness_centrality,0.0005337959419676749,exact
aftermath_jun-jul,SAUDI_ARABIA,betweenness_centrality,0.0005337959419676749,exact
aftermath_jun-jul,KHAMENEI,betweenness_centrality,0.0005337959419676749,exact
aftermath_jun-jul,IRAN,betweenness_centrality,0.0005337959419676749,exact
aftermath_jun-jul,BIDEN,betweenness_centrality,0.0005337959419676749,exact
aftermath_jun-jul,RUSSIA,betweenness_centrality,0.0005337959419676749,exact
aftermath_jun-jul,HOUTHIS,betweenness_centrality,0.0005337959419676749,exact
aftermath_jun-jul,CHINA,betweenness_centrality,0.0005337959419676749,exact
aftermath_jun-jul,OBAMA,betweenness_centrality,0.0005337959419676749,exact
aftermath_jun-jul,US_CONGRESS,betweenness_centrality,0.0005337959419676749,exact
aftermath_jun-jul,HAMAS,betweenness_centrality,0.0005337959419676749,exact
aftermath_jun-jul,EU,betweenness_centrality,0.0005337959419676749,exact
aftermath_jun-jul,YEMEN,betweenness_centrality,0.0005337959419676749,exact
aftermath_jun-jul,PEZESHKIAN,betweenness_centrality,0.0005337959419676749,exact
aftermath_jun-jul,FRANCE,betweenness_centrality,0.0005337959419676749,exact
aftermath_jun-jul,ISRAEL,betweenness_centrality,0.0005337959419676749,exact
aftermath_jun-jul,UN_SECURITY_COUNCIL,betweenness_centrality,0.0,exact
aftermath_jun-jul,TRUMP,betweenness_centrality,0.0005337959419676749,exact
aftermath_jun-jul,USA,betweenness_centrality,0.0005337959419676749,exact
aftermath_jun-jul,QATAR,betweenness_centrality,0.0005337959419676749,exact
aftermath_jun-jul,GROSSI,betweenness_centrality,0.0005337959419676749,exact
aftermath_jun-jul,GULF_STATES,betweenness_centrality,0.0,exact
aftermath_jun-jul,DEMOCRATS,betweenness_centrality,0.0005337959419676749,exact
aftermath_jun-jul,BAHRAIN,betweenness_centrality,2.5851817382762007e-05,exact
aftermath_jun-jul,OMAN,closeness_centrality,0.9583333333333334,exact
aftermath_jun-jul,NETANYAHU,closeness_centrality,1.0023946360153257,exact
aftermath_jun-jul,ARAGHCHI,closeness_centrality,1.0023946360153257,exact
aftermath_jun-jul,US_SENATE,closeness_centrality,1.0023946360153257,exact
aftermath_jun-jul,REPUBLICANS,closeness_centrality,1.0023946360153257,exact
aftermath_jun-jul,WITKOFF,closeness_centrality,1.0023946360153257,exact
aftermath_jun-jul,SYRIA,closeness_centrality,1.0023946360153257,exact
aftermath_jun-jul,GAZA,closeness_centrality,1.0023946360153257,exact
aftermath_jun-jul,IRAQ,closeness_centrality,1.0023946360153257,exact
aftermath_jun-jul,UK,closeness_centrality,1.0023946360153257,exact
aftermath_jun-jul,UKRAINE,closeness_centrality,1.0023946360153257,exact
aftermath_jun-jul,VANCE,closeness_centrality,0.9583333333333334,exact
aftermath_jun-jul,UAE,closeness_centrality,0.979868913857678,exact
aftermath_jun-jul,LEBANON,closeness_centrality,1.0023946360153257,exact
aftermath_jun-jul,IAEA,closeness_centrality,1.0023946360153257,exact
aftermath_jun-jul,NATO,closeness_centrality,1.0023946360153257,exact
aftermath_jun-jul,RUBIO,closeness_centrality,1.0023946360153257,exact
aftermath_jun-jul,GERMANY,closeness_centrality,0.979868913857678,exact
aftermath_jun-jul,HEGSETH,closeness_centrality,1.0023946360153257,exact
aftermath_jun-jul,HEZBOLLAH,closeness_centrality,1.0023946360153257,exact
aftermath_jun-jul,PUTIN,closeness_centrality,1.0023946360153257,exact
aftermath_jun-jul,SAUDI_ARABIA,closeness_centrality,1.0023946360153257,exact
aftermath_jun-jul,KHAMENEI,closeness_centrality,1.0023946360153257,exact
aftermath_jun-jul,IRAN,closeness_centrality,1.0023946360153257,exact
aftermath_jun-jul,BIDEN,closeness_centrality,1.0023946360153257,exact
aftermath_jun-jul,RUSSIA,closeness_centrality,1.0023946360153257,exact
aftermath_jun-jul,HOUTHIS,closeness_centrality,1.0023946360153257,exact
aftermath_jun-jul,CHINA,closeness_centrality,1.0023946360153257,exact
aftermath_jun-jul,OBAMA,closeness_centrality,1.0023946360153257,exact
aftermath_jun-jul,US_CONGRESS,closeness_centrality,1.0023946360153257,exact
aftermath_jun-jul,HAMAS,closeness_centrality,1.0023946360153257,exact
aftermath_jun-jul,EU,closeness_centrality,1.0023946360153257,exact
aftermath_jun-jul,YEMEN,closeness_centrality,1.0023946360153257,exact
aftermath_jun-jul,PEZESHKIAN,closeness_centrality,1.0023946360153257,exact
aftermath_jun-jul,FRANCE,closeness_centrality,1.0023946360153257,exact
aftermath_jun-jul,ISRAEL,closeness_centrality,1.0023946360153257,exact
aftermath_jun-jul,UN_SECURITY_COUNCIL,closeness_centrality,0.0,exact
aftermath_jun-jul,TRUMP,closeness_centrality,1.0023946360153257,exact
aftermath_jun-jul,USA,closeness_centrality,1.0023946360153257,exact
aftermath_jun-jul,QATAR,closeness_centrality,1.0023946360153257,exact
aftermath_jun-jul,GROSSI,closeness_centrality,1.0023946360153257,exact
aftermath_jun-jul,GULF_STATES,closeness_centrality,0.0,exact
aftermath_jun-jul,DEMOCRATS,closeness_centrality,1.0023946360153257,exact
aftermath_jun-jul,BAHRAIN,closeness_centrality,0.9377240143369177,exact
aftermath_jun-jul,OMAN,eigenvector_katz,0.050099790401684205,katz_fallback
aftermath_jun-jul,NETANYAHU,eigenvector_katz,0.07284717955339522,katz_fallback
aftermath_jun-jul,ARAGHCHI,eigenvector_katz,0.054669496216789015,katz_fallback
aftermath_jun-jul,US_SENATE,eigenvector_katz,0.05107297941176806,katz_fallback
aftermath_jun-jul,REPUBLICANS,eigenvector_katz,0.05612183097433809,katz_fallback
aftermath_jun-jul,WITKOFF,eigenvector_katz,0.050215731240450825,katz_fallback
aftermath_jun-jul,SYRIA,eigenvector_katz,0.05222755764113927,katz_fallback
aftermath_jun-jul,GAZA,eigenvector_katz,0.060433777404876134,katz_fallback
aftermath_jun-jul,IRAQ,eigenvector_katz,0.05535585010360935,katz_fallback
aftermath_jun-jul,UK,eigenvector_katz,0.05220828226902003,katz_fallback
aftermath_jun-jul,UKRAINE,eigenvector_katz,0.06085438028148049,katz_fallback
aftermath_jun-jul,VANCE,eigenvector_katz,0.05093792517282524,katz_fallback
aftermath_jun-jul,UAE,eigenvector_katz,0.05065922088788869,katz_fallback
aftermath_jun-jul,LEBANON,eigenvector_katz,0.05365373353190219,katz_fallback
aftermath_jun-jul,IAEA,eigenvector_katz,0.06989369447884433,katz_fallback
aftermath_jun-jul,NATO,eigenvector_katz,0.05803195708951215,katz_fallback
aftermath_jun-jul,RUBIO,eigenvector_katz,0.055739505919332216,katz_fallback
aftermath_jun-jul,GERMANY,eigenvector_katz,0.051490688800305356,katz_fallback
aftermath_jun-jul,HEGSETH,eigenvector_katz,0.06535131414478051,katz_fallback
aftermath_jun-jul,HEZBOLLAH,eigenvector_katz,0.053041808258105096,katz_fallback
aftermath_jun-jul,PUTIN,eigenvector_katz,0.05176608651482193,katz_fallback
aftermath_jun-jul,SAUDI_ARABIA,eigenvector_katz,0.0518053319163669,katz_fallback
aftermath_jun-jul,KHAMENEI,eigenvector_katz,0.061048934382582166,katz_fallback
aftermath_jun-jul,IRAN,eigenvector_katz,0.49360273761675544,katz_fallback
aftermath_jun-jul,BIDEN,eigenvector_katz,0.051059570401422186,katz_fallback
aftermath_jun-jul,RUSSIA,eigenvector_katz,0.06615041477237511,katz_fallback
aftermath_jun-jul,HOUTHIS,eigenvector_katz,0.0513405767102648,katz_fallback
aftermath_jun-jul,CHINA,eigenvector_katz,0.05608110646545466,katz_fallback
aftermath_jun-jul,OBAMA,eigenvector_katz,0.056126561481310545,katz_fallback
aftermath_jun-jul,US_CONGRESS,eigenvector_katz,0.05842583637110545,katz_fallback
aftermath_jun-jul,HAMAS,eigenvector_katz,0.06015831300625117,katz_fallback
aftermath_jun-jul,EU,eigenvector_katz,0.05446708065696375,katz_fallback
aftermath_jun-jul,YEMEN,eigenvector_katz,0.05113974338323409,katz_fallback
aftermath_jun-jul,PEZESHKIAN,eigenvector_katz,0.05027483232391869,katz_fallback
aftermath_jun-jul,FRANCE,eigenvector_katz,0.05357675866247525,katz_fallback
aftermath_jun-jul,ISRAEL,eigenvector_katz,0.20729534313104175,katz_fallback
aftermath_jun-jul,UN_SECURITY_COUNCIL,eigenvector_katz,0.04861812486244443,katz_fallback
aftermath_jun-jul,TRUMP,eigenvector_katz,0.22723035923384752,katz_fallback
aftermath_jun-jul,USA,eigenvector_katz,0.2984576406561799,katz_fallback
aftermath_jun-jul,QATAR,eigenvector_katz,0.05720749137879724,katz_fallback
aftermath_jun-jul,GROSSI,eigenvector_katz,0.060150006381262194,katz_fallback
aftermath_jun-jul,GULF_STATES,eigenvector_katz,0.04861812486244443,katz_fallback
aftermath_jun-jul,DEMOCRATS,eigenvector_katz,0.059274661766794356,katz_fallback
aftermath_jun-jul,BAHRAIN,eigenvector_katz,0.04929898808659392,katz_fallback
aftermath_aug,OMAN,degree_centrality,0.2,exact
aftermath_aug,NETANYAHU,degree_centrality,1.0,exact
aftermath_aug,ARAGHCHI,degree_centrality,1.0,exact
aftermath_aug,US_SENATE,degree_centrality,0.0,exact
aftermath_aug,REPUBLICANS,degree_centrality,1.0,exact
aftermath_aug,WITKOFF,degree_centrality,0.6000000000000001,exact
aftermath_aug,SYRIA,degree_centrality,1.0,exact
aftermath_aug,GAZA,degree_centrality,1.0,exact
aftermath_aug,IRAQ,degree_centrality,0.8,exact
aftermath_aug,UK,degree_centrality,1.0,exact
aftermath_aug,UKRAINE,degree_centrality,1.0,exact
aftermath_aug,VANCE,degree_centrality,0.2,exact
aftermath_aug,UAE,degree_centrality,0.2,exact
aftermath_aug,LEBANON,degree_centrality,1.0,exact
aftermath_aug,IAEA,degree_centrality,0.8,exact
aftermath_aug,NATO,degree_centrality,0.4,exact
aftermath_aug,RUBIO,degree_centrality,1.0,exact
aftermath_aug,GERMANY,degree_centrality,1.0,exact
aftermath_aug,HEGSETH,degree_centrality,0.8,exact
aftermath_aug,HEZBOLLAH,degree_centrality,1.0,exact
aftermath_aug,PUTIN,degree_centrality,0.8,exact
aftermath_aug,SAUDI_ARABIA,degree_centrality,0.8,exact
aftermath_aug,KHAMENEI,degree_centrality,1.0,exact
aftermath_aug,IRAN,degree_centrality,1.0,exact
aftermath_aug,BIDEN,degree_centrality,0.6000000000000001,exact
aftermath_aug,RUSSIA,degree_centrality,1.0,exact
aftermath_aug,HOUTHIS,degree_centrality,1.0,exact
aftermath_aug,CHINA,degree_centrality,1.0,exact
aftermath_aug,OBAMA,degree_centrality,0.4,exact
aftermath_aug,US_CONGRESS,degree_centrality,0.4,exact
aftermath_aug,HAMAS,degree_centrality,1.0,exact
aftermath_aug,EU,degree_centrality,1.0,exact
aftermath_aug,YEMEN,degree_centrality,0.4,exact
aftermath_aug,PEZESHKIAN,degree_centrality,0.8,exact
aftermath_aug,FRANCE,degree_centrality,1.0,exact
aftermath_aug,ISRAEL,degree_centrality,1.0,exact
aftermath_aug,UN_SECURITY_COUNCIL,degree_centrality,0.6000000000000001,exact
aftermath_aug,TRUMP,degree_centrality,1.0,exact
aftermath_aug,USA,degree_centrality,1.0,exact
aftermath_aug,QATAR,degree_centrality,0.4,exact
aftermath_aug,GROSSI,degree_centrality,1.0,exact
aftermath_aug,GULF_STATES,degree_centrality,0.0,exact
aftermath_aug,DEMOCRATS,degree_centrality,1.0,exact
aftermath_aug,BAHRAIN,degree_centrality,0.0,exact
aftermath_aug,OMAN,betweenness_centrality,0.0,exact
aftermath_aug,NETANYAHU,betweenness_centrality,0.002482183193414918,exact
aftermath_aug,ARAGHCHI,betweenness_centrality,0.002482183193414918,exact
aftermath_aug,US_SENATE,betweenness_centrality,0.0,exact
aftermath_aug,REPUBLICANS,betweenness_centrality,0.002482183193414918,exact
aftermath_aug,WITKOFF,betweenness_centrality,0.0010079103630548955,exact
aftermath_aug,SYRIA,betweenness_centrality,0.002482183193414918,exact
aftermath_aug,GAZA,betweenness_centrality,0.002482183193414918,exact
aftermath_aug,IRAQ,betweenness_centrality,0.0009951166848235328,exact
aftermath_aug,UK,betweenness_centrality,0.002482183193414918,exact
aftermath_aug,UKRAINE,betweenness_centrality,0.002482183193414918,exact
aftermath_aug,VANCE,betweenness_centrality,0.0,exact
aftermath_aug,UAE,betweenness_centrality,0.0,exact
aftermath_aug,LEBANON,betweenness_centrality,0.002482183193414918,exact
aftermath_aug,IAEA,betweenness_centrality,0.001642349339845826,exact
aftermath_aug,NATO,betweenness_centrality,0.0002586684969754434,exact
aftermath_aug,RUBIO,betweenness_centrality,0.002482183193414918,exact
aftermath_aug,GERMANY,betweenness_centrality,0.002482183193414918,exact
aftermath_aug,HEGSETH,betweenness_centrality,0.0009951166848235328,exact
aftermath_aug,HEZBOLLAH,betweenness_centrality,0.002482183193414918,exact
aftermath_aug,PUTIN,betweenness_centrality,0.001642349339845826,exact
aftermath_aug,SAUDI_ARABIA,betweenness_centrality,0.001642349339845826,exact
aftermath_aug,KHAMENEI,betweenness_centrality,0.002482183193414918,exact
aftermath_aug,IRAN,betweenness_centrality,0.002482183193414918,exact
aftermath_aug,BIDEN,betweenness_centrality,0.0010079103630548955,exact
aftermath_aug,RUSSIA,betweenness_centrality,0.002482183193414918,exact
aftermath_aug,HOUTHIS,betweenness_centrality,0.002482183193414918,exact
aftermath_aug,CHINA,betweenness_centrality,0.002482183193414918,exact
aftermath_aug,OBAMA,betweenness_centrality,0.0003496083691343924,exact
aftermath_aug,US_CONGRESS,betweenness_centrality,0.00013760558147780775,exact
aftermath_aug,HAMAS,betweenness_centrality,0.002482183193414918,exact
aftermath_aug,EU,betweenness_centrality,0.002482183193414918,exact
aftermath_aug,YEMEN,betweenness_centrality,0.00013760558147780775,exact
aftermath_aug,PEZESHKIAN,betweenness_centrality,0.0009951166848235328,exact
aftermath_aug,FRANCE,betweenness_centrality,0.002482183193414918,exact
aftermath_aug,ISRAEL,betweenness_centrality,0.002482183193414918,exact
aftermath_aug,UN_SECURITY_COUNCIL,betweenness_centrality,0.0007564379014322406,exact
aftermath_aug,TRUMP,betweenness_centrality,0.002482183193414918,exact
aftermath_aug,USA,betweenness_centrality,0.002482183193414918,exact
aftermath_aug,QATAR,betweenness_centrality,0.0005206964124426954,exact
aftermath_aug,GROSSI,betweenness_centrality,0.002482183193414918,exact
aftermath_aug,GULF_STATES,betweenness_centrality,0.0,exact
aftermath_aug,DEMOCRATS,betweenness_centrality,0.002482183193414918,exact
aftermath_aug,BAHRAIN,betweenness_centrality,0.0,exact
aftermath_aug,OMAN,closeness_centrality,0.8125,exact
aftermath_aug,NETANYAHU,closeness_centrality,1.0036764705882353,exact
aftermath_aug,ARAGHCHI,closeness_centrality,1.0036764705882353,exact
aftermath_aug,US_SENATE,closeness_centrality,0.0,exact
aftermath_aug,REPUBLICANS,closeness_centrality,1.0036764705882353,exact
aftermath_aug,WITKOFF,closeness_centrality,0.9585674157303371,exact
aftermath_aug,SYRIA,closeness_centrality,1.0036764705882353,exact
aftermath_aug,GAZA,closeness_centrality,1.0036764705882353,exact
aftermath_aug,IRAQ,closeness_centrality,0.9375,exact
aftermath_aug,UK,closeness_centrality,1.0036764705882353,exact
aftermath_aug,UKRAINE,closeness_centrality,1.0036764705882353,exact
aftermath_aug,VANCE,closeness_centrality,0.8282766990291263,exact
aftermath_aug,UAE,closeness_centrality,0.8125,exact
aftermath_aug,LEBANON,closeness_centrality,1.0036764705882353,exact
aftermath_aug,IAEA,closeness_centrality,0.980603448275862,exact
aftermath_aug,NATO,closeness_centrality,0.8795103092783505,exact
aftermath_aug,RUBIO,closeness_centrality,1.0036764705882353,exact
aftermath_aug,GERMANY,closeness_centrality,1.0036764705882353,exact
aftermath_aug,HEGSETH,closeness_centrality,0.9375,exact
aftermath_aug,HEZBOLLAH,closeness_centrality,1.0036764705882353,exact
aftermath_aug,PUTIN,closeness_centrality,0.980603448275862,exact
aftermath_aug,SAUDI_ARABIA,closeness_centrality,0.980603448275862,exact
aftermath_aug,KHAMENEI,closeness_centrality,1.0036764705882353,exact
aftermath_aug,IRAN,closeness_centrality,1.0036764705882353,exact
aftermath_aug,BIDEN,closeness_centrality,0.9585674157303371,exact
aftermath_aug,RUSSIA,closeness_centrality,1.0036764705882353,exact
aftermath_aug,HOUTHIS,closeness_centrality,1.0036764705882353,exact
aftermath_aug,CHINA,closeness_centrality,1.0036764705882353,exact
aftermath_aug,OBAMA,closeness_centrality,0.9173387096774194,exact
aftermath_aug,US_CONGRESS,closeness_centrality,0.8795103092783505,exact
aftermath_aug,HAMAS,closeness_centrality,1.0036764705882353,exact
aftermath_aug,EU,closeness_centrality,1.0036764705882353,exact
aftermath_aug,YEMEN,closeness_centrality,0.8795103092783505,exact
aftermath_aug,PEZESHKIAN,closeness_centrality,0.9375,exact
aftermath_aug,FRANCE,closeness_centrality,1.0036764705882353,exact
aftermath_aug,ISRAEL,closeness_centrality,1.0036764705882353,exact
aftermath_aug,UN_SECURITY_COUNCIL,closeness_centrality,0.9375,exact
aftermath_aug,TRUMP,closeness_centrality,1.0036764705882353,exact
aftermath_aug,USA,closeness_centrality,1.0036764705882353,exact
aftermath_aug,QATAR,closeness_centrality,0.9375,exact
aftermath_aug,GROSSI,closeness_centrality,1.0036764705882353,exact
aftermath_aug,GULF_STATES,closeness_centrality,0.0,exact
aftermath_aug,DEMOCRATS,closeness_centrality,1.0036764705882353,exact
aftermath_aug,BAHRAIN,closeness_centrality,0.0,exact
aftermath_aug,OMAN,eigenvector_katz,0.04576396665043099,katz_fallback
aftermath_aug,NETANYAHU,eigenvector_katz,0.053479115711202084,katz_fallback
aftermath_aug,ARAGHCHI,eigenvector_katz,0.0635660624848408,katz_fallback
aftermath_aug,US_SENATE,eigenvector_katz,0.045594761633769194,katz_fallback
aftermath_aug,REPUBLICANS,eigenvector_katz,0.047933594918528874,katz_fallback
aftermath_aug,WITKOFF,eigenvector_katz,0.04779064231101098,katz_fallback
aftermath_aug,SYRIA,eigenvector_katz,0.05011135200597316,katz_fallback
aftermath_aug,GAZA,eigenvector_katz,0.06502844458507288,katz_fallback
aftermath_aug,IRAQ,eigenvector_katz,0.046494317349373156,katz_fallback
aftermath_aug,UK,eigenvector_katz,0.11299019723855637,katz_fallback
aftermath_aug,UKRAINE,eigenvector_katz,0.0577711461285269,katz_fallback
aftermath_aug,VANCE,eigenvector_katz,0.04574808700241321,katz_fallback
aftermath_aug,UAE,eigenvector_katz,0.04576396665043099,katz_fallback
aftermath_aug,LEBANON,eigenvector_katz,0.04845650945443851,katz_fallback
aftermath_aug,IAEA,eigenvector_katz,0.1435855122516854,katz_fallback
aftermath_aug,NATO,eigenvector_katz,0.04655052611095101,katz_fallback
aftermath_aug,RUBIO,eigenvector_katz,0.05284064307405899,katz_fallback
aftermath_aug,GERMANY,eigenvector_katz,0.10481366691247333,katz_fallback
aftermath_aug,HEGSETH,eigenvector_katz,0.053905024691832545,katz_fallback
aftermath_aug,HEZBOLLAH,eigenvector_katz,0.047599354225916816,katz_fallback
aftermath_aug,PUTIN,eigenvector_katz,0.051849730878077184,katz_fallback
aftermath_aug,SAUDI_ARABIA,eigenvector_katz,0.0476763069912856,katz_fallback
aftermath_aug,KHAMENEI,eigenvector_katz,0.05034624047887559,katz_fallback
aftermath_aug,IRAN,eigenvector_katz,0.5256918413262898,katz_fallback
aftermath_aug,BIDEN,eigenvector_katz,0.04770847388115718,katz_fallback
aftermath_aug,RUSSIA,eigenvector_katz,0.08591222142279478,katz_fallback
aftermath_aug,HOUTHIS,eigenvector_katz,0.054418861464746664,katz_fallback
aftermath_aug,CHINA,eigenvector_katz,0.06530804872462613,katz_fallback
aftermath_aug,OBAMA,eigenvector_katz,0.04772604010134721,katz_fallback
aftermath_aug,US_CONGRESS,eigenvector_katz,0.046402472691916156,katz_fallback
aftermath_aug,HAMAS,eigenvector_katz,0.05531612296188,katz_fallback
aftermath_aug,EU,eigenvector_katz,0.12462224716985694,katz_fallback
aftermath_aug,YEMEN,eigenvector_katz,0.05058334186023141,katz_fallback
aftermath_aug,PEZESHKIAN,eigenvector_katz,0.04785518443436952,katz_fallback
aftermath_aug,FRANCE,eigenvector_katz,0.1032781069152285,katz_fallback
aftermath_aug,ISRAEL,eigenvector_katz,0.21172251380926893,katz_fallback
aftermath_aug,UN_SECURITY_COUNCIL,eigenvector_katz,0.048707009145438136,katz_fallback
aftermath_aug,TRUMP,eigenvector_katz,0.10625320796974719,katz_fallback
aftermath_aug,USA,eigenvector_katz,0.2206429436948203,katz_fallback
aftermath_aug,QATAR,eigenvector_katz,0.046086497035736806,katz_fallback
aftermath_aug,GROSSI,eigenvector_katz,0.06878110969768673,katz_fallback
aftermath_aug,GULF_STATES,eigenvector_katz,0.045594761633769194,katz_fallback
aftermath_aug,DEMOCRATS,eigenvector_katz,0.049438522539583155,katz_fallback
aftermath_aug,BAHRAIN,eigenvector_katz,0.045594761633769194,katz_fallback
