window,actor,concept,wn_western,wn_iran,wn_diff
climax_w2,USA,military_action,4.4368,1.0182,-3.4186
climax_w2,IRAN,nuclear_program,4.2754,0.9455,-3.3299
climax_w2,IRAN,military_action,6.8298,3.5091,-3.3207
climax_w1,IRAN,nuclear_program,4.0519,1.1176,-2.9343
climax_w2,TRUMP,military_action,2.9895,0.1091,-2.8804
buildup_jun1,IRAN,military_action,3.2278,0.36,-2.8678
climax_w1,IRAN,military_action,6.3228,4.0,-2.3228
buildup_may,TRUMP,diplomacy,2.2754,0.25,-2.0254
buildup_jun1,ISRAEL,military_action,2.1772,0.2,-1.9772
aftermath_jun-jul,TRUMP,military_action,2.0645,0.0968,-1.9677
buildup_apr,IRAN,nuclear_program,4.7322,2.8594,-1.8728
climax_w1,USA,military_action,2.2738,0.4235,-1.8503
climax_w1,TRUMP,military_action,1.7983,0.0118,-1.7865
buildup_jun1,TRUMP,diplomacy,1.7975,0.04,-1.7575
aftermath_jun-jul,IRAN,nuclear_program,4.0161,2.2765,-1.7396
aftermath_jun-jul,IRAN,military_action,4.7563,3.0369,-1.7194
climax_w1,ISRAEL,military_action,5.6945,4.0353,-1.6592
aftermath_aug,IRAN,nuclear_program,3.7276,2.1071,-1.6205
climax_w2,USA,nuclear_program,2.1474,0.5455,-1.6019
buildup_jun1,TRUMP,military_action,1.6582,0.06,-1.5982
buildup_mar,TRUMP,diplomacy,3.1795,1.6061,-1.5734
buildup_apr,IRAN,military_action,2.4918,0.9219,-1.5699
climax_w1,ISRAEL,nuclear_program,2.2334,0.7765,-1.4569
climax_w2,TRUMP,nuclear_program,1.5018,0.0545,-1.4473
buildup_mar,TRUMP,nuclear_program,1.6795,0.2424,-1.4371
buildup_apr,TRUMP,diplomacy,2.1093,0.7031,-1.4062
buildup_mar,TRUMP,military_action,1.5641,0.2424,-1.3217
aftermath_jun-jul,USA,military_action,2.9892,1.6728,-1.3164
buildup_may,TRUMP,nuclear_program,1.4493,0.1333,-1.316
buildup_mar,IRAN,military_action,2.1282,0.8182,-1.31
buildup_may,IRAN,military_action,1.5797,0.3333,-1.2464
buildup_apr,TRUMP,nuclear_program,1.5191,0.2969,-1.2222
aftermath_aug,IRAN,diplomacy,3.0655,1.881,-1.1845
buildup_may,IRAN,nuclear_program,4.1377,2.9833,-1.1544
buildup_apr,USA,military_action,1.5519,0.4062,-1.1457
buildup_may,TRUMP,military_action,1.1232,0.0167,-1.1065
buildup_apr,TRUMP,military_action,1.4262,0.3281,-1.0981
climax_w1,IRAN,diplomacy,1.3746,0.2941,-1.0805
buildup_jun1,USA,military_action,1.1646,0.1,-1.0646
climax_w1,USA,nuclear_program,1.1124,0.0588,-1.0536
aftermath_jun-jul,TRUMP,nuclear_program,1.1129,0.0829,-1.03
climax_w1,TRUMP,diplomacy,1.0029,0.0,-1.0029
climax_w2,IRAN,deterrence,1.2526,0.2545,-0.9981
buildup_jun1,UKRAINE,military_action,0.9873,0.0,-0.9873
climax_w1,TRUMP,nuclear_program,0.9798,0.0,-0.9798
buildup_apr,ISRAEL,military_action,1.1749,0.2031,-0.9718
buildup_jun1,TRUMP,nuclear_program,1.1139,0.18,-0.9339
buildup_mar,HOUTHIS,military_action,0.8974,0.0,-0.8974
climax_w2,ISRAEL,nuclear_program,1.3509,0.4545,-0.8964
buildup_mar,IRAN,nuclear_program,3.5128,2.6364,-0.8764
aftermath_aug,ISRAEL,military_action,2.0414,1.1667,-0.8747
buildup_jun1,IRAN,nuclear_program,4.4937,3.62,-0.8737
buildup_may,ISRAEL,military_action,1.0652,0.2167,-0.8485
aftermath_jun-jul,TRUMP,diplomacy,0.9301,0.0876,-0.8425
buildup_mar,USA,military_action,1.2692,0.4545,-0.8147
climax_w2,IRAN,diplomacy,1.2491,0.4364,-0.8127
aftermath_jun-jul,USA,nuclear_program,1.8495,1.0922,-0.7573
climax_w2,TRUMP,diplomacy,0.7702,0.0182,-0.752
climax_w2,USA,deterrence,0.8368,0.0909,-0.7459
buildup_jun1,RUSSIA,military_action,0.7342,0.0,-0.7342
buildup_may,USA,military_action,0.8406,0.1333,-0.7073
climax_w2,TRUMP,strike_claims,0.707,0.0182,-0.6888
buildup_mar,USA,nuclear_program,1.3205,0.6364,-0.6841
buildup_apr,USA,nuclear_program,1.7104,1.0469,-0.6635
buildup_apr,TRUMP,deterrence,0.8634,0.2344,-0.629
buildup_jun1,ISRAEL,nuclear_program,0.8987,0.28,-0.6187
climax_w1,NETANYAHU,military_action,0.6138,0.0118,-0.602
aftermath_jun-jul,TRUMP,strike_claims,0.6559,0.0737,-0.5822
climax_w2,IRAN,strike_claims,1.1579,0.6,-0.5579
buildup_jun1,PUTIN,military_action,0.557,0.0,-0.557
buildup_jun1,NETANYAHU,military_action,0.557,0.0,-0.557
aftermath_aug,IRAN,military_action,2.3759,1.8452,-0.5307
buildup_apr,HOUTHIS,military_action,0.5191,0.0,-0.5191
buildup_apr,IRAN,diplomacy,3.847,3.3281,-0.5189
climax_w2,USA,diplomacy,0.6386,0.1273,-0.5113
buildup_may,TRUMP,deterrence,0.5,0.0,-0.5
buildup_may,USA,nuclear_program,1.5797,1.0833,-0.4964
climax_w1,USA,diplomacy,0.6369,0.1529,-0.484
aftermath_aug,UK,diplomacy,0.7379,0.2619,-0.476
buildup_jun1,ISRAEL,diplomacy,0.557,0.1,-0.457
climax_w2,TRUMP,deterrence,0.4737,0.0182,-0.4555
buildup_apr,WITKOFF,nuclear_program,0.4699,0.0312,-0.4387
climax_w1,ISRAEL,diplomacy,0.7089,0.2706,-0.4383
buildup_mar,TRUMP,deterrence,0.6795,0.2424,-0.4371
buildup_apr,OBAMA,diplomacy,0.4262,0.0,-0.4262
buildup_mar,ISRAEL,military_action,0.7564,0.3333,-0.4231
buildup_mar,YEMEN,military_action,0.5128,0.0909,-0.4219
buildup_apr,WITKOFF,diplomacy,0.4481,0.0312,-0.4169
climax_w1,TRUMP,deterrence,0.415,0.0,-0.415
buildup_jun1,RUSSIA,diplomacy,0.4937,0.08,-0.4137
climax_w2,ISRAEL,military_action,3.1368,2.7273,-0.4095
climax_w2,USA,strike_claims,0.6982,0.2909,-0.4073
aftermath_aug,FRANCE,diplomacy,0.6276,0.2262,-0.4014
buildup_may,NETANYAHU,military_action,0.3986,0.0,-0.3986
climax_w1,USA,deterrence,0.4207,0.0353,-0.3854
buildup_mar,UKRAINE,diplomacy,0.3846,0.0,-0.3846
climax_w1,IRAN,deterrence,1.0548,0.6706,-0.3842
buildup_may,HOUTHIS,military_action,0.3841,0.0,-0.3841
buildup_jun1,UKRAINE,diplomacy,0.3797,0.0,-0.3797
buildup_apr,ISRAEL,nuclear_program,0.6448,0.2656,-0.3792
buildup_jun1,PUTIN,diplomacy,0.3924,0.02,-0.3724
aftermath_aug,GERMANY,diplomacy,0.6241,0.2619,-0.3622
aftermath_aug,TRUMP,diplomacy,0.4069,0.0476,-0.3593
buildup_apr,ISRAEL,diplomacy,0.4973,0.1406,-0.3567
buildup_mar,RUSSIA,diplomacy,0.8718,0.5152,-0.3566
buildup_may,SYRIA,diplomacy,0.3551,0.0,-0.3551
aftermath_aug,GERMANY,nuclear_program,0.3897,0.0357,-0.354
climax_w1,NETANYAHU,nuclear_program,0.3487,0.0,-0.3487
aftermath_aug,FRANCE,nuclear_program,0.3793,0.0357,-0.3436
aftermath_aug,TRUMP,military_action,0.4586,0.119,-0.3396
aftermath_aug,EU,nuclear_program,0.469,0.131,-0.338
buildup_apr,YEMEN,military_action,0.3333,0.0,-0.3333
aftermath_aug,UK,nuclear_program,0.4172,0.0952,-0.322
buildup_jun1,TRUMP,deterrence,0.3418,0.02,-0.3218
buildup_may,USA,deterrence,0.4203,0.1,-0.3203
buildup_may,RUSSIA,diplomacy,0.3188,0.0,-0.3188
buildup_apr,RUSSIA,diplomacy,0.3934,0.0781,-0.3153
climax_w1,USA,strike_claims,0.3372,0.0235,-0.3137
aftermath_aug,RUSSIA,diplomacy,0.4172,0.1071,-0.3101
climax_w2,US_CONGRESS,military_action,0.3053,0.0,-0.3053
buildup_mar,PEZESHKIAN,diplomacy,0.4231,0.1212,-0.3019
buildup_apr,UKRAINE,diplomacy,0.3115,0.0156,-0.2959
buildup_mar,GAZA,diplomacy,0.2949,0.0,-0.2949
buildup_jun1,OBAMA,diplomacy,0.2911,0.0,-0.2911
buildup_may,UKRAINE,diplomacy,0.2899,0.0,-0.2899
buildup_may,ISRAEL,nuclear_program,0.4565,0.1667,-0.2898
climax_w2,ISRAEL,diplomacy,0.5947,0.3091,-0.2856
aftermath_jun-jul,NETANYAHU,military_action,0.3029,0.023,-0.2799
climax_w1,TRUMP,strike_claims,0.2795,0.0,-0.2795
buildup_mar,ISRAEL,diplomacy,0.3077,0.0303,-0.2774
climax_w2,DEMOCRATS,military_action,0.2719,0.0,-0.2719
climax_w1,ISRAEL,deterrence,0.8069,0.5412,-0.2657
aftermath_jun-jul,TRUMP,deterrence,0.3065,0.0461,-0.2604
buildup_mar,KHAMENEI,nuclear_program,0.3205,0.0606,-0.2599
aftermath_aug,GROSSI,nuclear_program,0.2828,0.0238,-0.259
buildup_may,WITKOFF,nuclear_program,0.3551,0.1,-0.2551
climax_w2,NETANYAHU,military_action,0.2702,0.0182,-0.252
buildup_may,ISRAEL,diplomacy,0.413,0.1667,-0.2463
aftermath_aug,USA,nuclear_program,1.1621,0.9167,-0.2454
buildup_mar,WITKOFF,diplomacy,0.2436,0.0,-0.2436
aftermath_aug,CHINA,diplomacy,0.2793,0.0357,-0.2436
aftermath_aug,GAZA,military_action,0.3,0.0595,-0.2405
climax_w2,ISRAEL,deterrence,0.4579,0.2182,-0.2397
buildup_may,YEMEN,military_action,0.2391,0.0,-0.2391
climax_w2,REPUBLICANS,military_action,0.2368,0.0,-0.2368
buildup_jun1,GAZA,military_action,0.2278,0.0,-0.2278
buildup_jun1,NETANYAHU,nuclear_program,0.2278,0.0,-0.2278
aftermath_aug,TRUMP,nuclear_program,0.2966,0.0714,-0.2252
buildup_jun1,NETANYAHU,diplomacy,0.2405,0.02,-0.2205
aftermath_aug,IRAN,deterrence,0.6931,0.4762,-0.2169
buildup_apr,ISRAEL,strike_claims,0.2568,0.0469,-0.2099
buildup_may,WITKOFF,diplomacy,0.3261,0.1167,-0.2094
buildup_apr,OBAMA,nuclear_program,0.2077,0.0,-0.2077
buildup_jun1,WITKOFF,diplomacy,0.2658,0.06,-0.2058
buildup_mar,UKRAINE,military_action,0.2051,0.0,-0.2051
buildup_mar,HAMAS,military_action,0.2051,0.0,-0.2051
aftermath_jun-jul,HEGSETH,military_action,0.2043,0.0,-0.2043
climax_w2,IRAQ,military_action,0.1982,0.0,-0.1982
buildup_apr,KHAMENEI,diplomacy,0.2131,0.0156,-0.1975
buildup_may,IRAN,deterrence,0.7971,0.6,-0.1971
buildup_may,OBAMA,diplomacy,0.1957,0.0,-0.1957
aftermath_aug,RUSSIA,nuclear_program,0.2172,0.0238,-0.1934
buildup_mar,GAZA,military_action,0.1923,0.0,-0.1923
buildup_mar,KHAMENEI,military_action,0.1923,0.0,-0.1923
buildup_apr,NETANYAHU,nuclear_program,0.1913,0.0,-0.1913
aftermath_jun-jul,ISRAEL,diplomacy,0.7419,0.553,-0.1889
buildup_apr,GAZA,military_action,0.1858,0.0,-0.1858
aftermath_aug,EU,diplomacy,0.8759,0.6905,-0.1854
buildup_jun1,USA,nuclear_program,1.5443,1.36,-0.1843
buildup_may,SAUDI_ARABIA,nuclear_program,0.1812,0.0,-0.1812
buildup_apr,USA,deterrence,0.6339,0.4531,-0.1808
buildup_mar,PUTIN,diplomacy,0.1795,0.0,-0.1795
buildup_may,NETANYAHU,nuclear_program,0.1957,0.0167,-0.179
buildup_apr,IRAN,strike_claims,0.3661,0.1875,-0.1786
buildup_apr,USA,strike_claims,0.1749,0.0,-0.1749
buildup_apr,CHINA,deterrence,0.1749,0.0,-0.1749
buildup_may,IRAN,diplomacy,3.0725,2.9,-0.1725
buildup_may,OBAMA,nuclear_program,0.1667,0.0,-0.1667
buildup_mar,KHAMENEI,diplomacy,0.5897,0.4242,-0.1655
aftermath_jun-jul,NETANYAHU,diplomacy,0.1792,0.0138,-0.1654
buildup_apr,HAMAS,military_action,0.1639,0.0,-0.1639
buildup_mar,RUSSIA,military_action,0.1923,0.0303,-0.162
aftermath_aug,ISRAEL,diplomacy,0.4828,0.3214,-0.1614
climax_w2,NETANYAHU,nuclear_program,0.1614,0.0,-0.1614
aftermath_jun-jul,UKRAINE,military_action,0.1738,0.0138,-0.16
aftermath_jun-jul,DEMOCRATS,military_action,0.1595,0.0,-0.1595
climax_w1,NETANYAHU,deterrence,0.17,0.0118,-0.1582
buildup_jun1,KHAMENEI,diplomacy,0.1772,0.02,-0.1572
aftermath_aug,IAEA,diplomacy,0.2276,0.0714,-0.1562
buildup_mar,HAMAS,diplomacy,0.1538,0.0,-0.1538
buildup_mar,TRUMP,strike_claims,0.1538,0.0,-0.1538
aftermath_aug,HOUTHIS,military_action,0.1655,0.0119,-0.1536
buildup_apr,HAMAS,diplomacy,0.153,0.0,-0.153
aftermath_jun-jul,USA,deterrence,0.4229,0.2719,-0.151
aftermath_jun-jul,US_CONGRESS,military_action,0.1505,0.0,-0.1505
aftermath_jun-jul,HAMAS,diplomacy,0.1487,0.0,-0.1487
aftermath_jun-jul,HAMAS,military_action,0.1487,0.0,-0.1487
buildup_apr,UKRAINE,military_action,0.1475,0.0,-0.1475
climax_w2,HEGSETH,military_action,0.1474,0.0,-0.1474
aftermath_aug,ISRAEL,nuclear_program,0.8138,0.6667,-0.1471
climax_w1,HAMAS,military_action,0.147,0.0,-0.147
buildup_apr,ISRAEL,deterrence,0.2404,0.0938,-0.1466
aftermath_aug,TRUMP,deterrence,0.1414,0.0,-0.1414
aftermath_jun-jul,ISRAEL,nuclear_program,0.9785,0.8387,-0.1398
buildup_jun1,RUSSIA,strike_claims,0.1392,0.0,-0.1392
buildup_jun1,OBAMA,nuclear_program,0.1392,0.0,-0.1392
climax_w1,REPUBLICANS,military_action,0.1383,0.0,-0.1383
climax_w1,RUBIO,military_action,0.1383,0.0,-0.1383
buildup_may,HAMAS,military_action,0.1377,0.0,-0.1377
buildup_may,NETANYAHU,diplomacy,0.1667,0.0333,-0.1334
buildup_jun1,ISRAEL,deterrence,0.2532,0.12,-0.1332
climax_w2,KHAMENEI,military_action,0.1316,0.0,-0.1316
aftermath_aug,GROSSI,military_action,0.131,0.0,-0.131
aftermath_jun-jul,HEGSETH,nuclear_program,0.129,0.0,-0.129
buildup_may,SAUDI_ARABIA,diplomacy,0.1449,0.0167,-0.1282
climax_w2,HAMAS,military_action,0.1246,0.0,-0.1246
buildup_jun1,WITKOFF,nuclear_program,0.1646,0.04,-0.1246
aftermath_jun-jul,RUSSIA,military_action,0.2204,0.0968,-0.1236
climax_w1,NETANYAHU,diplomacy,0.121,0.0,-0.121
aftermath_aug,HAMAS,military_action,0.1207,0.0,-0.1207
aftermath_aug,IAEA,military_action,0.2966,0.1786,-0.118
buildup_apr,RUSSIA,military_action,0.1639,0.0469,-0.117
buildup_mar,PEZESHKIAN,military_action,0.1154,0.0,-0.1154
buildup_apr,SAUDI_ARABIA,nuclear_program,0.1148,0.0,-0.1148
buildup_jun1,IRAQ,military_action,0.1139,0.0,-0.1139
buildup_jun1,OBAMA,military_action,0.1139,0.0,-0.1139
buildup_jun1,UKRAINE,strike_claims,0.1139,0.0,-0.1139
aftermath_jun-jul,NATO,military_action,0.1183,0.0046,-0.1137
aftermath_aug,USA,diplomacy,1.0655,0.9524,-0.1131
aftermath_jun-jul,IRAN,deterrence,0.6057,0.4931,-0.1126
aftermath_aug,UK,military_action,0.1241,0.0119,-0.1122
climax_w1,KHAMENEI,military_action,0.147,0.0353,-0.1117
buildup_apr,NETANYAHU,diplomacy,0.1585,0.0469,-0.1116
aftermath_jun-jul,KHAMENEI,military_action,0.1398,0.0323,-0.1075
aftermath_jun-jul,REPUBLICANS,military_action,0.1075,0.0,-0.1075
aftermath_aug,UKRAINE,diplomacy,0.1069,0.0,-0.1069
buildup_jun1,RUSSIA,deterrence,0.1266,0.02,-0.1066
aftermath_jun-jul,GAZA,diplomacy,0.1523,0.0461,-0.1062
buildup_apr,RUBIO,diplomacy,0.1038,0.0,-0.1038
aftermath_aug,RUSSIA,military_action,0.1276,0.0238,-0.1038
buildup_apr,HEZBOLLAH,diplomacy,0.1038,0.0,-0.1038
climax_w1,HEZBOLLAH,military_action,0.1037,0.0,-0.1037
buildup_mar,HOUTHIS,nuclear_program,0.1026,0.0,-0.1026
buildup_mar,HOUTHIS,diplomacy,0.1026,0.0,-0.1026
buildup_mar,UKRAINE,deterrence,0.1026,0.0,-0.1026
aftermath_jun-jul,OBAMA,diplomacy,0.1022,0.0,-0.1022
buildup_may,HOUTHIS,diplomacy,0.1014,0.0,-0.1014
buildup_jun1,NETANYAHU,deterrence,0.1013,0.0,-0.1013
buildup_jun1,UK,deterrence,0.1013,0.0,-0.1013
buildup_jun1,UKRAINE,deterrence,0.1013,0.0,-0.1013
buildup_jun1,HEZBOLLAH,military_action,0.1013,0.0,-0.1013
buildup_jun1,HAMAS,military_action,0.1013,0.0,-0.1013
climax_w2,HOUTHIS,military_action,0.1,0.0,-0.1
buildup_may,GAZA,military_action,0.1667,0.0667,-0.1
climax_w2,VANCE,nuclear_program,0.0965,0.0,-0.0965
buildup_may,TRUMP,strike_claims,0.0942,0.0,-0.0942
buildup_jun1,TRUMP,strike_claims,0.1139,0.02,-0.0939
buildup_apr,NETANYAHU,military_action,0.1093,0.0156,-0.0937
aftermath_jun-jul,IRAQ,military_action,0.0968,0.0046,-0.0922
aftermath_aug,YEMEN,military_action,0.1034,0.0119,-0.0915
aftermath_aug,HEGSETH,military_action,0.1034,0.0119,-0.0915
buildup_mar,BIDEN,diplomacy,0.0897,0.0,-0.0897
climax_w2,VANCE,military_action,0.0895,0.0,-0.0895
climax_w1,NETANYAHU,strike_claims,0.0893,0.0,-0.0893
buildup_jun1,PUTIN,nuclear_program,0.0886,0.0,-0.0886
buildup_jun1,HOUTHIS,military_action,0.0886,0.0,-0.0886
buildup_jun1,YEMEN,military_action,0.0886,0.0,-0.0886
buildup_jun1,IAEA,military_action,0.0886,0.0,-0.0886
buildup_mar,OBAMA,diplomacy,0.1795,0.0909,-0.0886
buildup_jun1,GAZA,nuclear_program,0.0886,0.0,-0.0886
aftermath_aug,TRUMP,strike_claims,0.1241,0.0357,-0.0884
buildup_apr,HOUTHIS,diplomacy,0.0874,0.0,-0.0874
buildup_may,REPUBLICANS,nuclear_program,0.087,0.0,-0.087
aftermath_aug,NETANYAHU,military_action,0.0862,0.0,-0.0862
climax_w1,GROSSI,nuclear_program,0.1326,0.0471,-0.0855
buildup_may,RUBIO,nuclear_program,0.1014,0.0167,-0.0847
buildup_apr,CHINA,diplomacy,0.1311,0.0469,-0.0842
climax_w2,YEMEN,military_action,0.0842,0.0,-0.0842
buildup_mar,RUSSIA,deterrence,0.2051,0.1212,-0.0839
aftermath_aug,EU,military_action,0.1552,0.0714,-0.0838
buildup_apr,GAZA,diplomacy,0.1148,0.0312,-0.0836
climax_w2,GROSSI,nuclear_program,0.0825,0.0,-0.0825
climax_w2,NETANYAHU,deterrence,0.0825,0.0,-0.0825
aftermath_jun-jul,HEGSETH,strike_claims,0.0824,0.0,-0.0824
climax_w1,IRAQ,military_action,0.1037,0.0235,-0.0802
aftermath_jun-jul,GAZA,military_action,0.1398,0.0599,-0.0799
buildup_may,QATAR,diplomacy,0.0797,0.0,-0.0797
buildup_may,RUSSIA,military_action,0.0797,0.0,-0.0797
aftermath_aug,FRANCE,military_action,0.0793,0.0,-0.0793
buildup_jun1,RUSSIA,nuclear_program,0.1392,0.06,-0.0792
aftermath_jun-jul,RUBIO,nuclear_program,0.0789,0.0,-0.0789
aftermath_aug,ISRAEL,deterrence,0.1966,0.119,-0.0776
buildup_apr,CHINA,military_action,0.0929,0.0156,-0.0773
buildup_mar,BIDEN,military_action,0.0769,0.0,-0.0769
buildup_mar,YEMEN,nuclear_program,0.0769,0.0,-0.0769
buildup_mar,HOUTHIS,deterrence,0.0769,0.0,-0.0769
buildup_mar,HEGSETH,military_action,0.0769,0.0,-0.0769
buildup_mar,HEZBOLLAH,military_action,0.0769,0.0,-0.0769
buildup_apr,WITKOFF,military_action,0.0765,0.0,-0.0765
climax_w2,GAZA,military_action,0.0947,0.0182,-0.0765
buildup_apr,HEZBOLLAH,military_action,0.0765,0.0,-0.0765
buildup_apr,NETANYAHU,strike_claims,0.0765,0.0,-0.0765
aftermath_aug,GERMANY,military_action,0.1,0.0238,-0.0762
buildup_jun1,WITKOFF,military_action,0.0759,0.0,-0.0759
buildup_jun1,WITKOFF,deterrence,0.0759,0.0,-0.0759
aftermath_aug,UKRAINE,military_action,0.0759,0.0,-0.0759
climax_w1,US_CONGRESS,military_action,0.0749,0.0,-0.0749
climax_w1,DEMOCRATS,military_action,0.0749,0.0,-0.0749
climax_w1,OBAMA,diplomacy,0.0749,0.0,-0.0749
aftermath_aug,USA,deterrence,0.1931,0.119,-0.0741
climax_w2,RUBIO,military_action,0.0737,0.0,-0.0737
buildup_apr,KHAMENEI,nuclear_program,0.1202,0.0469,-0.0733
aftermath_jun-jul,KHAMENEI,nuclear_program,0.0914,0.0184,-0.073
buildup_apr,KHAMENEI,military_action,0.1038,0.0312,-0.0726
buildup_may,REPUBLICANS,diplomacy,0.0725,0.0,-0.0725
buildup_may,HAMAS,diplomacy,0.0725,0.0,-0.0725
buildup_may,UKRAINE,military_action,0.0725,0.0,-0.0725
aftermath_aug,RUBIO,nuclear_program,0.0724,0.0,-0.0724
buildup_mar,ISRAEL,nuclear_program,0.4359,0.3636,-0.0723
climax_w1,HOUTHIS,military_action,0.072,0.0,-0.072
climax_w2,RUSSIA,nuclear_program,0.0719,0.0,-0.0719
climax_w1,KHAMENEI,nuclear_program,0.0836,0.0118,-0.0718
climax_w1,GAZA,military_action,0.0951,0.0235,-0.0716
aftermath_aug,RUSSIA,deterrence,0.1069,0.0357,-0.0712
buildup_apr,OBAMA,military_action,0.071,0.0,-0.071
buildup_apr,PUTIN,diplomacy,0.071,0.0,-0.071
buildup_apr,RUBIO,nuclear_program,0.071,0.0,-0.071
buildup_may,KHAMENEI,nuclear_program,0.087,0.0167,-0.0703
climax_w2,VANCE,strike_claims,0.0702,0.0,-0.0702
climax_w2,SYRIA,military_action,0.0702,0.0,-0.0702
climax_w1,WITKOFF,diplomacy,0.0692,0.0,-0.0692
aftermath_aug,HAMAS,diplomacy,0.069,0.0,-0.069
aftermath_aug,IAEA,nuclear_program,1.2828,1.2143,-0.0685
aftermath_aug,EU,deterrence,0.1517,0.0833,-0.0684
buildup_may,GAZA,diplomacy,0.1014,0.0333,-0.0681
climax_w1,REPUBLICANS,nuclear_program,0.0663,0.0,-0.0663
buildup_apr,TRUMP,strike_claims,0.0656,0.0,-0.0656
buildup_apr,WITKOFF,deterrence,0.0656,0.0,-0.0656
buildup_apr,HEZBOLLAH,nuclear_program,0.0656,0.0,-0.0656
buildup_apr,REPUBLICANS,diplomacy,0.0656,0.0,-0.0656
buildup_apr,BIDEN,military_action,0.0656,0.0,-0.0656
aftermath_aug,SYRIA,military_action,0.0655,0.0,-0.0655
aftermath_aug,CHINA,nuclear_program,0.0655,0.0,-0.0655
buildup_mar,CHINA,diplomacy,0.3077,0.2424,-0.0653
buildup_may,HEZBOLLAH,military_action,0.0652,0.0,-0.0652
buildup_may,NETANYAHU,deterrence,0.0652,0.0,-0.0652
buildup_may,WITKOFF,deterrence,0.0652,0.0,-0.0652
buildup_may,QATAR,nuclear_program,0.0652,0.0,-0.0652
buildup_may,UAE,nuclear_program,0.0652,0.0,-0.0652
aftermath_jun-jul,CHINA,military_action,0.0789,0.0138,-0.0651
buildup_mar,NETANYAHU,nuclear_program,0.0641,0.0,-0.0641
buildup_mar,PUTIN,deterrence,0.0641,0.0,-0.0641
buildup_mar,YEMEN,diplomacy,0.0641,0.0,-0.0641
buildup_jun1,IRAQ,deterrence,0.0633,0.0,-0.0633
buildup_jun1,GROSSI,military_action,0.0633,0.0,-0.0633
buildup_jun1,EU,military_action,0.0633,0.0,-0.0633
buildup_jun1,PUTIN,deterrence,0.0633,0.0,-0.0633
buildup_jun1,CHINA,military_action,0.0633,0.0,-0.0633
buildup_jun1,PUTIN,strike_claims,0.0633,0.0,-0.0633
climax_w2,KHAMENEI,deterrence,0.0632,0.0,-0.0632
aftermath_jun-jul,RUSSIA,diplomacy,0.1093,0.0461,-0.0632
climax_w2,UK,diplomacy,0.0632,0.0,-0.0632
climax_w1,RUSSIA,diplomacy,0.0749,0.0118,-0.0631
aftermath_jun-jul,HEZBOLLAH,military_action,0.0627,0.0,-0.0627
aftermath_aug,GAZA,diplomacy,0.0862,0.0238,-0.0624
aftermath_jun-jul,OBAMA,nuclear_program,0.0609,0.0,-0.0609
climax_w1,UKRAINE,military_action,0.0605,0.0,-0.0605
climax_w1,LEBANON,military_action,0.072,0.0118,-0.0602
buildup_apr,IRAQ,military_action,0.0601,0.0,-0.0601
buildup_apr,HEGSETH,military_action,0.0601,0.0,-0.0601
buildup_apr,LEBANON,military_action,0.0601,0.0,-0.0601
buildup_apr,HOUTHIS,nuclear_program,0.0601,0.0,-0.0601
aftermath_jun-jul,UKRAINE,diplomacy,0.0645,0.0046,-0.0599
climax_w2,HEGSETH,strike_claims,0.0596,0.0,-0.0596
climax_w2,US_SENATE,military_action,0.0596,0.0,-0.0596
climax_w2,FRANCE,diplomacy,0.0596,0.0,-0.0596
buildup_mar,OMAN,diplomacy,0.0897,0.0303,-0.0594
aftermath_jun-jul,OBAMA,military_action,0.0591,0.0,-0.0591
aftermath_aug,IAEA,deterrence,0.0828,0.0238,-0.059
climax_w2,ISRAEL,strike_claims,0.4772,0.4182,-0.059
aftermath_aug,HEGSETH,nuclear_program,0.0586,0.0,-0.0586
buildup_apr,EU,diplomacy,0.1366,0.0781,-0.0585
climax_w2,EU,diplomacy,0.0947,0.0364,-0.0583
buildup_may,GROSSI,diplomacy,0.058,0.0,-0.058
buildup_may,PUTIN,diplomacy,0.058,0.0,-0.058
buildup_may,OBAMA,military_action,0.058,0.0,-0.058
buildup_may,UAE,diplomacy,0.058,0.0,-0.058
buildup_may,GAZA,nuclear_program,0.058,0.0,-0.058
climax_w2,US_CONGRESS,nuclear_program,0.0579,0.0,-0.0579
climax_w2,DEMOCRATS,nuclear_program,0.0579,0.0,-0.0579
climax_w2,HEGSETH,nuclear_program,0.0579,0.0,-0.0579
aftermath_aug,FRANCE,deterrence,0.1172,0.0595,-0.0577
climax_w1,SAUDI_ARABIA,military_action,0.0576,0.0,-0.0576
climax_w1,GAZA,nuclear_program,0.0576,0.0,-0.0576
aftermath_jun-jul,RUBIO,military_action,0.0573,0.0,-0.0573
aftermath_aug,GERMANY,deterrence,0.1276,0.0714,-0.0562
climax_w2,GROSSI,military_action,0.0561,0.0,-0.0561
buildup_jun1,US_CONGRESS,diplomacy,0.0759,0.02,-0.0559
aftermath_jun-jul,KHAMENEI,diplomacy,0.0556,0.0,-0.0556
buildup_apr,SAUDI_ARABIA,diplomacy,0.071,0.0156,-0.0554
buildup_jun1,KHAMENEI,nuclear_program,0.2152,0.16,-0.0552
climax_w1,KHAMENEI,deterrence,0.0548,0.0,-0.0548
buildup_mar,CHINA,deterrence,0.1154,0.0606,-0.0548
climax_w1,GAZA,deterrence,0.0548,0.0,-0.0548
buildup_apr,SAUDI_ARABIA,military_action,0.0546,0.0,-0.0546
buildup_apr,HAMAS,nuclear_program,0.0546,0.0,-0.0546
climax_w2,REPUBLICANS,nuclear_program,0.0544,0.0,-0.0544
aftermath_jun-jul,NATO,nuclear_program,0.0538,0.0,-0.0538
buildup_mar,CHINA,nuclear_program,0.2051,0.1515,-0.0536
aftermath_jun-jul,GROSSI,nuclear_program,0.1595,0.106,-0.0535
climax_w1,IAEA,nuclear_program,0.3343,0.2824,-0.0519
buildup_jun1,ISRAEL,strike_claims,0.1519,0.1,-0.0519
aftermath_aug,UKRAINE,nuclear_program,0.0517,0.0,-0.0517
aftermath_aug,PUTIN,diplomacy,0.0517,0.0,-0.0517
aftermath_aug,CHINA,deterrence,0.0517,0.0,-0.0517
aftermath_jun-jul,NETANYAHU,nuclear_program,0.1022,0.0507,-0.0515
buildup_mar,HAMAS,strike_claims,0.0513,0.0,-0.0513
buildup_mar,QATAR,diplomacy,0.0513,0.0,-0.0513
buildup_mar,OBAMA,military_action,0.0513,0.0,-0.0513
buildup_mar,HAMAS,deterrence,0.0513,0.0,-0.0513
buildup_mar,KHAMENEI,deterrence,0.0513,0.0,-0.0513
buildup_mar,PUTIN,military_action,0.0513,0.0,-0.0513
buildup_mar,NETANYAHU,strike_claims,0.0513,0.0,-0.0513
buildup_mar,HEZBOLLAH,strike_claims,0.0513,0.0,-0.0513
buildup_mar,UK,military_action,0.0513,0.0,-0.0513
climax_w2,RUSSIA,military_action,0.1421,0.0909,-0.0512
climax_w2,IRAQ,strike_claims,0.0509,0.0,-0.0509
climax_w2,HEZBOLLAH,military_action,0.0509,0.0,-0.0509
buildup_may,UKRAINE,nuclear_program,0.0507,0.0,-0.0507
buildup_may,REPUBLICANS,military_action,0.0507,0.0,-0.0507
buildup_may,YEMEN,diplomacy,0.0507,0.0,-0.0507
buildup_jun1,RUBIO,military_action,0.0506,0.0,-0.0506
buildup_jun1,SYRIA,military_action,0.0506,0.0,-0.0506
buildup_jun1,HAMAS,diplomacy,0.0506,0.0,-0.0506
climax_w2,NETANYAHU,strike_claims,0.0684,0.0182,-0.0502
aftermath_jun-jul,RUBIO,strike_claims,0.0502,0.0,-0.0502
aftermath_jun-jul,QATAR,diplomacy,0.0591,0.0092,-0.0499
aftermath_aug,UK,deterrence,0.1207,0.0714,-0.0493
buildup_apr,LEBANON,diplomacy,0.0492,0.0,-0.0492
buildup_apr,HOUTHIS,deterrence,0.0492,0.0,-0.0492
buildup_apr,HAMAS,strike_claims,0.0492,0.0,-0.0492
buildup_apr,SYRIA,military_action,0.0492,0.0,-0.0492
climax_w2,OBAMA,military_action,0.0491,0.0,-0.0491
climax_w2,QATAR,diplomacy,0.0491,0.0,-0.0491
climax_w2,UKRAINE,military_action,0.0491,0.0,-0.0491
climax_w1,UKRAINE,diplomacy,0.049,0.0,-0.049
climax_w1,GAZA,diplomacy,0.0605,0.0118,-0.0487
buildup_jun1,GAZA,diplomacy,0.0886,0.04,-0.0486
aftermath_jun-jul,FRANCE,nuclear_program,0.0663,0.0184,-0.0479
climax_w2,NETANYAHU,diplomacy,0.0649,0.0182,-0.0467
buildup_may,RUBIO,diplomacy,0.0797,0.0333,-0.0464
climax_w1,OBAMA,nuclear_program,0.0461,0.0,-0.0461
climax_w1,VANCE,nuclear_program,0.0461,0.0,-0.0461
aftermath_jun-jul,NETANYAHU,deterrence,0.0591,0.0138,-0.0453
aftermath_jun-jul,DEMOCRATS,nuclear_program,0.0448,0.0,-0.0448
buildup_may,USA,strike_claims,0.0942,0.05,-0.0442
climax_w2,GERMANY,diplomacy,0.0439,0.0,-0.0439
climax_w2,OBAMA,diplomacy,0.0439,0.0,-0.0439
climax_w2,KHAMENEI,nuclear_program,0.0439,0.0,-0.0439
buildup_apr,HEZBOLLAH,strike_claims,0.0437,0.0,-0.0437
buildup_may,SAUDI_ARABIA,military_action,0.0435,0.0,-0.0435
buildup_may,UKRAINE,deterrence,0.0435,0.0,-0.0435
buildup_may,QATAR,military_action,0.0435,0.0,-0.0435
buildup_may,HOUTHIS,strike_claims,0.0435,0.0,-0.0435
buildup_may,BIDEN,diplomacy,0.0435,0.0,-0.0435
climax_w2,UK,military_action,0.0614,0.0182,-0.0432
climax_w1,IRAQ,nuclear_program,0.0432,0.0,-0.0432
climax_w1,SYRIA,military_action,0.0548,0.0118,-0.043
aftermath_jun-jul,US_CONGRESS,nuclear_program,0.043,0.0,-0.043
climax_w2,OBAMA,nuclear_program,0.0421,0.0,-0.0421
climax_w2,UK,deterrence,0.0421,0.0,-0.0421
buildup_mar,PEZESHKIAN,nuclear_program,0.1026,0.0606,-0.042
aftermath_aug,RUBIO,diplomacy,0.0414,0.0,-0.0414
aftermath_aug,LEBANON,military_action,0.0414,0.0,-0.0414
aftermath_aug,PUTIN,deterrence,0.0414,0.0,-0.0414
climax_w1,YEMEN,military_action,0.0403,0.0,-0.0403
climax_w1,HAMAS,deterrence,0.0403,0.0,-0.0403
climax_w2,CHINA,diplomacy,0.0579,0.0182,-0.0397
climax_w1,GROSSI,military_action,0.0749,0.0353,-0.0396
aftermath_jun-jul,HOUTHIS,military_action,0.0394,0.0,-0.0394
aftermath_jun-jul,NATO,strike_claims,0.0394,0.0,-0.0394
aftermath_jun-jul,CHINA,diplomacy,0.0717,0.0323,-0.0394
buildup_may,PEZESHKIAN,deterrence,0.0725,0.0333,-0.0392
buildup_may,KHAMENEI,diplomacy,0.0725,0.0333,-0.0392
climax_w2,CHINA,military_action,0.0754,0.0364,-0.039
climax_w2,LEBANON,military_action,0.0386,0.0,-0.0386
climax_w2,IRAQ,deterrence,0.0386,0.0,-0.0386
buildup_mar,GAZA,deterrence,0.0385,0.0,-0.0385
buildup_mar,RUBIO,diplomacy,0.0385,0.0,-0.0385
buildup_mar,RUBIO,nuclear_program,0.0385,0.0,-0.0385
buildup_mar,IRAQ,military_action,0.0385,0.0,-0.0385
buildup_mar,UAE,nuclear_program,0.0385,0.0,-0.0385
buildup_mar,REPUBLICANS,military_action,0.0385,0.0,-0.0385
buildup_mar,CHINA,military_action,0.0385,0.0,-0.0385
buildup_apr,GAZA,nuclear_program,0.0383,0.0,-0.0383
buildup_apr,SAUDI_ARABIA,deterrence,0.0383,0.0,-0.0383
buildup_apr,PUTIN,military_action,0.0383,0.0,-0.0383
buildup_apr,UKRAINE,deterrence,0.0383,0.0,-0.0383
buildup_apr,HAMAS,deterrence,0.0383,0.0,-0.0383
buildup_apr,BIDEN,diplomacy,0.0383,0.0,-0.0383
buildup_jun1,US_CONGRESS,military_action,0.038,0.0,-0.038
buildup_jun1,KHAMENEI,military_action,0.038,0.0,-0.038
buildup_jun1,BIDEN,diplomacy,0.038,0.0,-0.038
buildup_jun1,SAUDI_ARABIA,nuclear_program,0.038,0.0,-0.038
buildup_jun1,BIDEN,military_action,0.038,0.0,-0.038
buildup_jun1,SYRIA,diplomacy,0.038,0.0,-0.038
buildup_jun1,UKRAINE,nuclear_program,0.038,0.0,-0.038
aftermath_aug,NETANYAHU,nuclear_program,0.0379,0.0,-0.0379
aftermath_aug,PUTIN,nuclear_program,0.0379,0.0,-0.0379
aftermath_jun-jul,US_SENATE,military_action,0.0376,0.0,-0.0376
aftermath_jun-jul,LEBANON,military_action,0.0699,0.0323,-0.0376
climax_w1,CHINA,nuclear_program,0.0375,0.0,-0.0375
climax_w1,REPUBLICANS,diplomacy,0.0375,0.0,-0.0375
buildup_may,DEMOCRATS,diplomacy,0.0362,0.0,-0.0362
buildup_may,RUSSIA,nuclear_program,0.0362,0.0,-0.0362
buildup_may,HAMAS,strike_claims,0.0362,0.0,-0.0362
climax_w1,OMAN,diplomacy,0.1182,0.0824,-0.0358
aftermath_jun-jul,VANCE,military_action,0.0358,0.0,-0.0358
aftermath_jun-jul,NETANYAHU,strike_claims,0.0538,0.0184,-0.0354
aftermath_jun-jul,YEMEN,military_action,0.0394,0.0046,-0.0348
aftermath_aug,DEMOCRATS,military_action,0.0345,0.0,-0.0345
aftermath_aug,NETANYAHU,diplomacy,0.0345,0.0,-0.0345
aftermath_jun-jul,SYRIA,diplomacy,0.0341,0.0,-0.0341
aftermath_jun-jul,PUTIN,military_action,0.0341,0.0,-0.0341
buildup_may,GAZA,deterrence,0.0507,0.0167,-0.034
climax_w2,QATAR,military_action,0.2158,0.1818,-0.034
buildup_mar,SAUDI_ARABIA,diplomacy,0.0641,0.0303,-0.0338
buildup_mar,YEMEN,deterrence,0.0641,0.0303,-0.0338
aftermath_jun-jul,UKRAINE,nuclear_program,0.043,0.0092,-0.0338
climax_w2,NATO,military_action,0.0333,0.0,-0.0333
buildup_apr,DEMOCRATS,diplomacy,0.0328,0.0,-0.0328
buildup_apr,YEMEN,diplomacy,0.0328,0.0,-0.0328
aftermath_jun-jul,CHINA,deterrence,0.0466,0.0138,-0.0328
buildup_apr,KHAMENEI,deterrence,0.0328,0.0,-0.0328
buildup_apr,KHAMENEI,strike_claims,0.0328,0.0,-0.0328
buildup_apr,UKRAINE,nuclear_program,0.0328,0.0,-0.0328
aftermath_jun-jul,NATO,diplomacy,0.0323,0.0,-0.0323
climax_w1,FRANCE,diplomacy,0.0317,0.0,-0.0317
climax_w2,RUBIO,strike_claims,0.0316,0.0,-0.0316
climax_w2,BIDEN,military_action,0.0316,0.0,-0.0316
climax_w2,KHAMENEI,strike_claims,0.0316,0.0,-0.0316
climax_w2,IRAQ,nuclear_program,0.0316,0.0,-0.0316
aftermath_aug,CHINA,military_action,0.031,0.0,-0.031
aftermath_aug,UKRAINE,deterrence,0.031,0.0,-0.031
aftermath_aug,KHAMENEI,diplomacy,0.031,0.0,-0.031
aftermath_aug,KHAMENEI,military_action,0.031,0.0,-0.031
climax_w1,RUSSIA,military_action,0.0778,0.0471,-0.0307
aftermath_jun-jul,REPUBLICANS,nuclear_program,0.0305,0.0,-0.0305
aftermath_jun-jul,GROSSI,military_action,0.095,0.0645,-0.0305
aftermath_jun-jul,SAUDI_ARABIA,military_action,0.0394,0.0092,-0.0302
climax_w2,UAE,military_action,0.0298,0.0,-0.0298
climax_w2,VANCE,diplomacy,0.0298,0.0,-0.0298
aftermath_aug,GAZA,strike_claims,0.0655,0.0357,-0.0298
climax_w2,RUSSIA,deterrence,0.0298,0.0,-0.0298
buildup_may,HOUTHIS,nuclear_program,0.029,0.0,-0.029
buildup_may,YEMEN,deterrence,0.029,0.0,-0.029
buildup_may,SYRIA,nuclear_program,0.029,0.0,-0.029
buildup_may,DEMOCRATS,nuclear_program,0.029,0.0,-0.029
buildup_may,CHINA,nuclear_program,0.029,0.0,-0.029
buildup_may,CHINA,deterrence,0.029,0.0,-0.029
buildup_may,VANCE,diplomacy,0.029,0.0,-0.029
buildup_may,HOUTHIS,deterrence,0.029,0.0,-0.029
climax_w1,KHAMENEI,strike_claims,0.0288,0.0,-0.0288
climax_w1,UAE,military_action,0.0288,0.0,-0.0288
climax_w1,DEMOCRATS,nuclear_program,0.0288,0.0,-0.0288
climax_w1,REPUBLICANS,deterrence,0.0288,0.0,-0.0288
climax_w1,PUTIN,diplomacy,0.0288,0.0,-0.0288
climax_w1,KHAMENEI,diplomacy,0.0288,0.0,-0.0288
climax_w1,HAMAS,strike_claims,0.0288,0.0,-0.0288
aftermath_jun-jul,IRAQ,nuclear_program,0.0287,0.0,-0.0287
aftermath_jun-jul,DEMOCRATS,strike_claims,0.0287,0.0,-0.0287
aftermath_jun-jul,REPUBLICANS,strike_claims,0.0287,0.0,-0.0287
climax_w2,EU,military_action,0.0649,0.0364,-0.0285
climax_w2,EU,deterrence,0.0281,0.0,-0.0281
climax_w2,RUBIO,nuclear_program,0.0281,0.0,-0.0281
climax_w1,RUSSIA,nuclear_program,0.0634,0.0353,-0.0281
climax_w2,CHINA,deterrence,0.0281,0.0,-0.0281
aftermath_aug,HEGSETH,strike_claims,0.0276,0.0,-0.0276
aftermath_aug,KHAMENEI,nuclear_program,0.0276,0.0,-0.0276
aftermath_aug,OBAMA,diplomacy,0.0276,0.0,-0.0276
buildup_apr,DEMOCRATS,military_action,0.0273,0.0,-0.0273
buildup_apr,YEMEN,nuclear_program,0.0273,0.0,-0.0273
buildup_apr,YEMEN,deterrence,0.0273,0.0,-0.0273
buildup_apr,BIDEN,deterrence,0.0273,0.0,-0.0273
buildup_apr,HEZBOLLAH,deterrence,0.0273,0.0,-0.0273
buildup_apr,HEGSETH,deterrence,0.0273,0.0,-0.0273
buildup_apr,GERMANY,military_action,0.0273,0.0,-0.0273
buildup_apr,SYRIA,deterrence,0.0273,0.0,-0.0273
aftermath_jun-jul,HEZBOLLAH,deterrence,0.0269,0.0,-0.0269
aftermath_jun-jul,UK,nuclear_program,0.0448,0.0184,-0.0264
climax_w2,HAMAS,strike_claims,0.0263,0.0,-0.0263
climax_w2,REPUBLICANS,deterrence,0.0263,0.0,-0.0263
climax_w2,US_CONGRESS,strike_claims,0.0263,0.0,-0.0263
climax_w2,UKRAINE,diplomacy,0.0263,0.0,-0.0263
climax_w1,OBAMA,military_action,0.0259,0.0,-0.0259
aftermath_jun-jul,WITKOFF,diplomacy,0.0305,0.0046,-0.0259
climax_w1,CHINA,military_action,0.0259,0.0,-0.0259
climax_w2,QATAR,nuclear_program,0.0439,0.0182,-0.0257
buildup_mar,DEMOCRATS,nuclear_program,0.0256,0.0,-0.0256
buildup_mar,RUBIO,military_action,0.0256,0.0,-0.0256
buildup_mar,HOUTHIS,strike_claims,0.0256,0.0,-0.0256
buildup_mar,US_CONGRESS,deterrence,0.0256,0.0,-0.0256
buildup_mar,CHINA,strike_claims,0.0256,0.0,-0.0256
buildup_mar,NATO,military_action,0.0256,0.0,-0.0256
buildup_mar,HEGSETH,deterrence,0.0256,0.0,-0.0256
buildup_mar,EU,military_action,0.0256,0.0,-0.0256
buildup_mar,WITKOFF,nuclear_program,0.0256,0.0,-0.0256
buildup_mar,YEMEN,strike_claims,0.0256,0.0,-0.0256
buildup_mar,PUTIN,nuclear_program,0.0256,0.0,-0.0256
buildup_mar,VANCE,military_action,0.0256,0.0,-0.0256
buildup_mar,LEBANON,military_action,0.0256,0.0,-0.0256
buildup_mar,NETANYAHU,military_action,0.0256,0.0,-0.0256
buildup_mar,REPUBLICANS,nuclear_program,0.0256,0.0,-0.0256
buildup_mar,REPUBLICANS,deterrence,0.0256,0.0,-0.0256
buildup_jun1,BIDEN,deterrence,0.0253,0.0,-0.0253
buildup_jun1,US_CONGRESS,nuclear_program,0.0253,0.0,-0.0253
buildup_jun1,SAUDI_ARABIA,diplomacy,0.0253,0.0,-0.0253
buildup_jun1,SAUDI_ARABIA,military_action,0.0253,0.0,-0.0253
buildup_jun1,KHAMENEI,deterrence,0.0253,0.0,-0.0253
buildup_jun1,UK,military_action,0.0253,0.0,-0.0253
buildup_jun1,REPUBLICANS,diplomacy,0.0253,0.0,-0.0253
buildup_jun1,HEGSETH,military_action,0.0253,0.0,-0.0253
buildup_jun1,RUBIO,diplomacy,0.0253,0.0,-0.0253
buildup_jun1,UAE,military_action,0.0253,0.0,-0.0253
buildup_jun1,RUBIO,deterrence,0.0253,0.0,-0.0253
buildup_jun1,CHINA,deterrence,0.0253,0.0,-0.0253
buildup_jun1,HEZBOLLAH,deterrence,0.0253,0.0,-0.0253
buildup_jun1,DEMOCRATS,diplomacy,0.0253,0.0,-0.0253
buildup_jun1,RUBIO,nuclear_program,0.0253,0.0,-0.0253
buildup_jun1,HOUTHIS,diplomacy,0.0253,0.0,-0.0253
aftermath_jun-jul,UKRAINE,deterrence,0.0251,0.0,-0.0251
buildup_may,LEBANON,military_action,0.058,0.0333,-0.0247
climax_w2,HEGSETH,diplomacy,0.0246,0.0,-0.0246
climax_w2,KHAMENEI,diplomacy,0.0246,0.0,-0.0246
climax_w2,WITKOFF,diplomacy,0.0246,0.0,-0.0246
climax_w2,DEMOCRATS,deterrence,0.0246,0.0,-0.0246
aftermath_aug,SYRIA,strike_claims,0.0241,0.0,-0.0241
aftermath_jun-jul,KHAMENEI,deterrence,0.0287,0.0046,-0.0241
aftermath_aug,BIDEN,military_action,0.0241,0.0,-0.0241
climax_w2,PUTIN,military_action,0.0421,0.0182,-0.0239
aftermath_jun-jul,RUSSIA,deterrence,0.0556,0.0323,-0.0233
climax_w1,HEGSETH,military_action,0.0231,0.0,-0.0231
climax_w1,REPUBLICANS,strike_claims,0.0231,0.0,-0.0231
climax_w1,US_CONGRESS,nuclear_program,0.0231,0.0,-0.0231
climax_w1,DEMOCRATS,deterrence,0.0231,0.0,-0.0231
climax_w1,HAMAS,nuclear_program,0.0231,0.0,-0.0231
aftermath_jun-jul,HAMAS,strike_claims,0.0323,0.0092,-0.0231
climax_w1,WITKOFF,nuclear_program,0.0231,0.0,-0.0231
climax_w2,SAUDI_ARABIA,military_action,0.0228,0.0,-0.0228
climax_w2,US_CONGRESS,deterrence,0.0228,0.0,-0.0228
buildup_apr,OMAN,military_action,0.0383,0.0156,-0.0227
buildup_may,GROSSI,nuclear_program,0.0725,0.05,-0.0225
buildup_may,PEZESHKIAN,diplomacy,0.0725,0.05,-0.0225
buildup_jun1,IRAN,deterrence,0.5823,0.56,-0.0223
aftermath_jun-jul,PUTIN,diplomacy,0.0358,0.0138,-0.022
buildup_apr,REPUBLICANS,nuclear_program,0.0219,0.0,-0.0219
buildup_apr,SYRIA,strike_claims,0.0219,0.0,-0.0219
buildup_apr,LEBANON,strike_claims,0.0219,0.0,-0.0219
buildup_apr,OBAMA,deterrence,0.0219,0.0,-0.0219
buildup_apr,EU,military_action,0.0219,0.0,-0.0219
buildup_apr,UK,military_action,0.0219,0.0,-0.0219
buildup_apr,VANCE,military_action,0.0219,0.0,-0.0219
buildup_may,GAZA,strike_claims,0.0217,0.0,-0.0217
buildup_may,PUTIN,military_action,0.0217,0.0,-0.0217
buildup_may,KHAMENEI,deterrence,0.0217,0.0,-0.0217
buildup_may,UAE,military_action,0.0217,0.0,-0.0217
buildup_may,RUSSIA,strike_claims,0.0217,0.0,-0.0217
buildup_may,OMAN,military_action,0.0217,0.0,-0.0217
buildup_may,YEMEN,nuclear_program,0.0217,0.0,-0.0217
buildup_may,SYRIA,deterrence,0.0217,0.0,-0.0217
buildup_may,US_CONGRESS,military_action,0.0217,0.0,-0.0217
buildup_may,RUBIO,military_action,0.0217,0.0,-0.0217
buildup_may,EU,military_action,0.0217,0.0,-0.0217
buildup_may,SAUDI_ARABIA,deterrence,0.0217,0.0,-0.0217
aftermath_jun-jul,KHAMENEI,strike_claims,0.0305,0.0092,-0.0213
climax_w2,UKRAINE,deterrence,0.0211,0.0,-0.0211
buildup_mar,NETANYAHU,diplomacy,0.0513,0.0303,-0.021
aftermath_aug,RUBIO,deterrence,0.0207,0.0,-0.0207
aftermath_aug,PUTIN,military_action,0.0207,0.0,-0.0207
aftermath_aug,REPUBLICANS,nuclear_program,0.0207,0.0,-0.0207
aftermath_aug,DEMOCRATS,diplomacy,0.0207,0.0,-0.0207
aftermath_aug,HOUTHIS,nuclear_program,0.0207,0.0,-0.0207
aftermath_aug,GROSSI,diplomacy,0.0207,0.0,-0.0207
aftermath_aug,GROSSI,deterrence,0.0207,0.0,-0.0207
aftermath_aug,DEMOCRATS,nuclear_program,0.0207,0.0,-0.0207
climax_w1,VANCE,diplomacy,0.0202,0.0,-0.0202
climax_w1,PUTIN,nuclear_program,0.0202,0.0,-0.0202
climax_w1,UK,diplomacy,0.0202,0.0,-0.0202
climax_w1,UKRAINE,nuclear_program,0.0202,0.0,-0.0202
climax_w1,HEZBOLLAH,deterrence,0.0202,0.0,-0.0202
climax_w1,LEBANON,deterrence,0.0202,0.0,-0.0202
climax_w1,WITKOFF,military_action,0.0202,0.0,-0.0202
aftermath_jun-jul,DEMOCRATS,deterrence,0.0197,0.0,-0.0197
aftermath_jun-jul,SAUDI_ARABIA,diplomacy,0.0197,0.0,-0.0197
buildup_apr,UK,diplomacy,0.082,0.0625,-0.0195
climax_w2,HAMAS,diplomacy,0.0193,0.0,-0.0193
climax_w2,GERMANY,military_action,0.0193,0.0,-0.0193
climax_w2,SYRIA,strike_claims,0.0193,0.0,-0.0193
climax_w2,GROSSI,strike_claims,0.0193,0.0,-0.0193
climax_w2,BAHRAIN,military_action,0.0193,0.0,-0.0193
climax_w2,DEMOCRATS,diplomacy,0.0193,0.0,-0.0193
aftermath_aug,HEZBOLLAH,military_action,0.031,0.0119,-0.0191
aftermath_jun-jul,UAE,military_action,0.0233,0.0046,-0.0187
climax_w2,FRANCE,nuclear_program,0.0368,0.0182,-0.0186
climax_w2,ARAGHCHI,deterrence,0.0368,0.0182,-0.0186
buildup_jun1,CHINA,diplomacy,0.038,0.02,-0.018
aftermath_jun-jul,UAE,nuclear_program,0.0179,0.0,-0.0179
aftermath_jun-jul,PUTIN,deterrence,0.0179,0.0,-0.0179
aftermath_jun-jul,RUBIO,diplomacy,0.0179,0.0,-0.0179
aftermath_jun-jul,LEBANON,deterrence,0.0179,0.0,-0.0179
aftermath_jun-jul,GAZA,nuclear_program,0.0269,0.0092,-0.0177
aftermath_jun-jul,BIDEN,military_action,0.0269,0.0092,-0.0177
climax_w2,UKRAINE,strike_claims,0.0175,0.0,-0.0175
climax_w2,PUTIN,deterrence,0.0175,0.0,-0.0175
climax_w2,PEZESHKIAN,military_action,0.0175,0.0,-0.0175
climax_w2,HAMAS,deterrence,0.0175,0.0,-0.0175
climax_w2,NATO,diplomacy,0.0175,0.0,-0.0175
climax_w1,BIDEN,military_action,0.0173,0.0,-0.0173
climax_w1,US_SENATE,military_action,0.0173,0.0,-0.0173
climax_w1,SYRIA,strike_claims,0.0173,0.0,-0.0173
aftermath_aug,SYRIA,diplomacy,0.0172,0.0,-0.0172
aftermath_aug,SAUDI_ARABIA,military_action,0.0172,0.0,-0.0172
aftermath_aug,RUBIO,military_action,0.0172,0.0,-0.0172
aftermath_aug,BIDEN,diplomacy,0.0172,0.0,-0.0172
aftermath_aug,NATO,diplomacy,0.0172,0.0,-0.0172
aftermath_aug,WITKOFF,diplomacy,0.0172,0.0,-0.0172
aftermath_jun-jul,IRAN,strike_claims,1.1183,1.1014,-0.0169
buildup_apr,RUSSIA,strike_claims,0.0164,0.0,-0.0164
buildup_apr,RUBIO,deterrence,0.0164,0.0,-0.0164
buildup_apr,GAZA,deterrence,0.0164,0.0,-0.0164
buildup_apr,QATAR,military_action,0.0164,0.0,-0.0164
buildup_apr,US_CONGRESS,diplomacy,0.0164,0.0,-0.0164
buildup_apr,US_SENATE,deterrence,0.0164,0.0,-0.0164
climax_w2,RUSSIA,diplomacy,0.0526,0.0364,-0.0162
climax_w1,OMAN,military_action,0.0749,0.0588,-0.0161
aftermath_jun-jul,REPUBLICANS,diplomacy,0.0161,0.0,-0.0161
aftermath_jun-jul,BIDEN,deterrence,0.0161,0.0,-0.0161
aftermath_jun-jul,BIDEN,nuclear_program,0.0161,0.0,-0.0161
aftermath_jun-jul,HEGSETH,deterrence,0.0161,0.0,-0.0161
aftermath_jun-jul,HAMAS,deterrence,0.0161,0.0,-0.0161
climax_w2,HEZBOLLAH,strike_claims,0.0158,0.0,-0.0158
climax_w2,SYRIA,deterrence,0.0158,0.0,-0.0158
aftermath_aug,PEZESHKIAN,nuclear_program,0.0276,0.0119,-0.0157
aftermath_jun-jul,CHINA,nuclear_program,0.0376,0.023,-0.0146
buildup_may,NETANYAHU,strike_claims,0.0145,0.0,-0.0145
buildup_may,GULF_STATES,diplomacy,0.0145,0.0,-0.0145
buildup_may,HEGSETH,military_action,0.0145,0.0,-0.0145
buildup_may,HEGSETH,deterrence,0.0145,0.0,-0.0145
buildup_may,BIDEN,nuclear_program,0.0145,0.0,-0.0145
buildup_may,GULF_STATES,nuclear_program,0.0145,0.0,-0.0145
buildup_may,US_CONGRESS,nuclear_program,0.0145,0.0,-0.0145
buildup_may,GROSSI,military_action,0.0145,0.0,-0.0145
buildup_may,UK,military_action,0.0145,0.0,-0.0145
buildup_may,US_SENATE,nuclear_program,0.0145,0.0,-0.0145
buildup_may,DEMOCRATS,military_action,0.0145,0.0,-0.0145
buildup_may,RUBIO,deterrence,0.0145,0.0,-0.0145
buildup_may,LEBANON,nuclear_program,0.0145,0.0,-0.0145
buildup_may,HEZBOLLAH,nuclear_program,0.0145,0.0,-0.0145
buildup_may,VANCE,nuclear_program,0.0145,0.0,-0.0145
buildup_may,GERMANY,military_action,0.0145,0.0,-0.0145
buildup_may,HEZBOLLAH,deterrence,0.0145,0.0,-0.0145
buildup_may,UKRAINE,strike_claims,0.0145,0.0,-0.0145
buildup_may,WITKOFF,military_action,0.0145,0.0,-0.0145
buildup_may,CHINA,military_action,0.0145,0.0,-0.0145
climax_w1,CHINA,diplomacy,0.0144,0.0,-0.0144
climax_w1,SAUDI_ARABIA,diplomacy,0.0144,0.0,-0.0144
climax_w1,PUTIN,deterrence,0.0144,0.0,-0.0144
climax_w1,HAMAS,diplomacy,0.0144,0.0,-0.0144
climax_w1,HEZBOLLAH,strike_claims,0.0144,0.0,-0.0144
aftermath_jun-jul,US_SENATE,diplomacy,0.0143,0.0,-0.0143
aftermath_jun-jul,HEZBOLLAH,strike_claims,0.0143,0.0,-0.0143
aftermath_jun-jul,US_CONGRESS,diplomacy,0.0143,0.0,-0.0143
aftermath_jun-jul,UK,military_action,0.0233,0.0092,-0.0141
climax_w1,RUSSIA,deterrence,0.0259,0.0118,-0.0141
climax_w2,UAE,nuclear_program,0.014,0.0,-0.014
climax_w2,DEMOCRATS,strike_claims,0.014,0.0,-0.014
climax_w2,YEMEN,deterrence,0.014,0.0,-0.014
climax_w2,RUBIO,diplomacy,0.014,0.0,-0.014
climax_w2,BIDEN,diplomacy,0.014,0.0,-0.014
climax_w2,REPUBLICANS,strike_claims,0.014,0.0,-0.014
aftermath_aug,OBAMA,nuclear_program,0.0138,0.0,-0.0138
aftermath_aug,KHAMENEI,deterrence,0.0138,0.0,-0.0138
aftermath_aug,REPUBLICANS,military_action,0.0138,0.0,-0.0138
aftermath_aug,SAUDI_ARABIA,diplomacy,0.0138,0.0,-0.0138
aftermath_jun-jul,LEBANON,nuclear_program,0.0179,0.0046,-0.0133
buildup_mar,REPUBLICANS,diplomacy,0.0128,0.0,-0.0128
buildup_mar,REPUBLICANS,strike_claims,0.0128,0.0,-0.0128
buildup_mar,SYRIA,nuclear_program,0.0128,0.0,-0.0128
buildup_mar,WITKOFF,military_action,0.0128,0.0,-0.0128
buildup_mar,HEZBOLLAH,diplomacy,0.0128,0.0,-0.0128
buildup_mar,GAZA,nuclear_program,0.0128,0.0,-0.0128
buildup_mar,BIDEN,deterrence,0.0128,0.0,-0.0128
buildup_mar,SYRIA,deterrence,0.0128,0.0,-0.0128
buildup_mar,IRAQ,nuclear_program,0.0128,0.0,-0.0128
buildup_mar,HAMAS,nuclear_program,0.0128,0.0,-0.0128
buildup_mar,SYRIA,diplomacy,0.0128,0.0,-0.0128
buildup_mar,VANCE,deterrence,0.0128,0.0,-0.0128
buildup_mar,KHAMENEI,strike_claims,0.0128,0.0,-0.0128
buildup_mar,NATO,deterrence,0.0128,0.0,-0.0128
buildup_mar,HEZBOLLAH,deterrence,0.0128,0.0,-0.0128
buildup_jun1,FRANCE,military_action,0.0127,0.0,-0.0127
buildup_jun1,HEGSETH,deterrence,0.0127,0.0,-0.0127
buildup_jun1,GROSSI,strike_claims,0.0127,0.0,-0.0127
buildup_jun1,HAMAS,deterrence,0.0127,0.0,-0.0127
buildup_jun1,DEMOCRATS,deterrence,0.0127,0.0,-0.0127
buildup_jun1,HAMAS,nuclear_program,0.0127,0.0,-0.0127
buildup_jun1,GERMANY,military_action,0.0127,0.0,-0.0127
buildup_jun1,BAHRAIN,deterrence,0.0127,0.0,-0.0127
buildup_jun1,QATAR,strike_claims,0.0127,0.0,-0.0127
buildup_jun1,HEZBOLLAH,nuclear_program,0.0127,0.0,-0.0127
buildup_jun1,HOUTHIS,strike_claims,0.0127,0.0,-0.0127
buildup_jun1,IRAQ,diplomacy,0.0127,0.0,-0.0127
buildup_jun1,LEBANON,deterrence,0.0127,0.0,-0.0127
buildup_jun1,YEMEN,diplomacy,0.0127,0.0,-0.0127
buildup_jun1,OBAMA,deterrence,0.0127,0.0,-0.0127
buildup_jun1,US_SENATE,diplomacy,0.0127,0.0,-0.0127
buildup_jun1,OMAN,deterrence,0.0127,0.0,-0.0127
buildup_jun1,SYRIA,strike_claims,0.0127,0.0,-0.0127
buildup_jun1,QATAR,military_action,0.0127,0.0,-0.0127
buildup_jun1,HEGSETH,diplomacy,0.0127,0.0,-0.0127
buildup_jun1,HEZBOLLAH,strike_claims,0.0127,0.0,-0.0127
aftermath_jun-jul,IRAQ,diplomacy,0.0125,0.0,-0.0125
aftermath_jun-jul,VANCE,nuclear_program,0.0125,0.0,-0.0125
aftermath_jun-jul,REPUBLICANS,deterrence,0.0125,0.0,-0.0125
aftermath_jun-jul,NATO,deterrence,0.0125,0.0,-0.0125
aftermath_jun-jul,HEZBOLLAH,nuclear_program,0.0125,0.0,-0.0125
aftermath_jun-jul,HEZBOLLAH,diplomacy,0.0125,0.0,-0.0125
aftermath_jun-jul,HOUTHIS,deterrence,0.0125,0.0,-0.0125
climax_w2,UAE,diplomacy,0.0123,0.0,-0.0123
climax_w2,WITKOFF,military_action,0.0123,0.0,-0.0123
climax_w2,SAUDI_ARABIA,deterrence,0.0123,0.0,-0.0123
climax_w2,GERMANY,strike_claims,0.0123,0.0,-0.0123
climax_w2,US_SENATE,nuclear_program,0.0123,0.0,-0.0123
buildup_may,RUSSIA,deterrence,0.029,0.0167,-0.0123
climax_w2,RUBIO,deterrence,0.0123,0.0,-0.0123
climax_w2,HEZBOLLAH,deterrence,0.0123,0.0,-0.0123
climax_w2,PEZESHKIAN,nuclear_program,0.0123,0.0,-0.0123
aftermath_aug,GAZA,deterrence,0.0241,0.0119,-0.0122
buildup_apr,UK,nuclear_program,0.0273,0.0156,-0.0117
buildup_apr,GAZA,strike_claims,0.0273,0.0156,-0.0117
climax_w2,UK,nuclear_program,0.0298,0.0182,-0.0116
climax_w2,QATAR,strike_claims,0.0298,0.0182,-0.0116
climax_w1,UKRAINE,deterrence,0.0115,0.0,-0.0115
climax_w1,UK,deterrence,0.0115,0.0,-0.0115
climax_w1,SYRIA,nuclear_program,0.0115,0.0,-0.0115
climax_w1,VANCE,military_action,0.0115,0.0,-0.0115
climax_w1,SAUDI_ARABIA,deterrence,0.0115,0.0,-0.0115
aftermath_jun-jul,SAUDI_ARABIA,nuclear_program,0.0161,0.0046,-0.0115
climax_w1,BIDEN,diplomacy,0.0115,0.0,-0.0115
climax_w1,BIDEN,deterrence,0.0115,0.0,-0.0115
climax_w1,HOUTHIS,nuclear_program,0.0115,0.0,-0.0115
climax_w1,IRAQ,deterrence,0.0115,0.0,-0.0115
climax_w1,GERMANY,deterrence,0.0115,0.0,-0.0115
climax_w1,QATAR,diplomacy,0.0115,0.0,-0.0115
climax_w1,OBAMA,deterrence,0.0115,0.0,-0.0115
climax_w1,HEZBOLLAH,diplomacy,0.0115,0.0,-0.0115
aftermath_jun-jul,UKRAINE,strike_claims,0.0161,0.0046,-0.0115
climax_w1,DEMOCRATS,diplomacy,0.0115,0.0,-0.0115
climax_w1,CHINA,deterrence,0.0115,0.0,-0.0115
climax_w1,BIDEN,nuclear_program,0.0115,0.0,-0.0115
aftermath_jun-jul,FRANCE,military_action,0.0251,0.0138,-0.0113
climax_w1,GAZA,strike_claims,0.0231,0.0118,-0.0113
climax_w1,EU,nuclear_program,0.0231,0.0118,-0.0113
climax_w1,FRANCE,military_action,0.0346,0.0235,-0.0111
buildup_apr,DEMOCRATS,nuclear_program,0.0109,0.0,-0.0109
buildup_apr,REPUBLICANS,deterrence,0.0109,0.0,-0.0109
buildup_apr,IRAQ,nuclear_program,0.0109,0.0,-0.0109
buildup_apr,REPUBLICANS,military_action,0.0109,0.0,-0.0109
buildup_apr,HEGSETH,strike_claims,0.0109,0.0,-0.0109
buildup_apr,LEBANON,nuclear_program,0.0109,0.0,-0.0109
buildup_apr,VANCE,diplomacy,0.0109,0.0,-0.0109
buildup_apr,IRAQ,deterrence,0.0109,0.0,-0.0109
buildup_apr,BAHRAIN,military_action,0.0109,0.0,-0.0109
buildup_apr,CHINA,strike_claims,0.0109,0.0,-0.0109
buildup_apr,RUBIO,military_action,0.0109,0.0,-0.0109
buildup_apr,GULF_STATES,deterrence,0.0109,0.0,-0.0109
aftermath_jun-jul,DEMOCRATS,diplomacy,0.0108,0.0,-0.0108
aftermath_jun-jul,BAHRAIN,military_action,0.0108,0.0,-0.0108
aftermath_jun-jul,HAMAS,nuclear_program,0.0108,0.0,-0.0108
aftermath_jun-jul,YEMEN,deterrence,0.0108,0.0,-0.0108
aftermath_jun-jul,US_CONGRESS,strike_claims,0.0108,0.0,-0.0108
aftermath_jun-jul,SYRIA,military_action,0.043,0.0323,-0.0107
climax_w2,IRAQ,diplomacy,0.0105,0.0,-0.0105
climax_w2,BIDEN,deterrence,0.0105,0.0,-0.0105
climax_w2,HEGSETH,deterrence,0.0105,0.0,-0.0105
climax_w2,WITKOFF,nuclear_program,0.0105,0.0,-0.0105
climax_w2,US_SENATE,deterrence,0.0105,0.0,-0.0105
climax_w2,PUTIN,diplomacy,0.0105,0.0,-0.0105
climax_w2,PUTIN,nuclear_program,0.0105,0.0,-0.0105
climax_w2,SAUDI_ARABIA,diplomacy,0.0105,0.0,-0.0105
climax_w2,GERMANY,deterrence,0.0105,0.0,-0.0105
climax_w2,LEBANON,deterrence,0.0105,0.0,-0.0105
aftermath_aug,NETANYAHU,strike_claims,0.0103,0.0,-0.0103
aftermath_aug,HAMAS,nuclear_program,0.0103,0.0,-0.0103
aftermath_aug,SAUDI_ARABIA,nuclear_program,0.0103,0.0,-0.0103
aftermath_aug,WITKOFF,nuclear_program,0.0103,0.0,-0.0103
aftermath_aug,CHINA,strike_claims,0.0103,0.0,-0.0103
aftermath_aug,REPUBLICANS,strike_claims,0.0103,0.0,-0.0103
aftermath_jun-jul,IRAQ,strike_claims,0.0233,0.0138,-0.0095
aftermath_jun-jul,US_CONGRESS,deterrence,0.009,0.0,-0.009
aftermath_jun-jul,RUBIO,deterrence,0.009,0.0,-0.009
aftermath_jun-jul,OBAMA,strike_claims,0.009,0.0,-0.009
aftermath_jun-jul,HOUTHIS,strike_claims,0.009,0.0,-0.009
aftermath_jun-jul,YEMEN,nuclear_program,0.009,0.0,-0.009
aftermath_jun-jul,HOUTHIS,nuclear_program,0.009,0.0,-0.009
aftermath_jun-jul,BIDEN,diplomacy,0.009,0.0,-0.009
climax_w2,YEMEN,diplomacy,0.0088,0.0,-0.0088
climax_w2,SAUDI_ARABIA,nuclear_program,0.0088,0.0,-0.0088
climax_w2,HOUTHIS,diplomacy,0.0088,0.0,-0.0088
climax_w2,HEZBOLLAH,nuclear_program,0.0088,0.0,-0.0088
climax_w2,HOUTHIS,deterrence,0.0088,0.0,-0.0088
aftermath_aug,RUSSIA,strike_claims,0.0207,0.0119,-0.0088
aftermath_jun-jul,SYRIA,deterrence,0.0179,0.0092,-0.0087
climax_w1,FRANCE,strike_claims,0.0086,0.0,-0.0086
climax_w1,QATAR,military_action,0.0086,0.0,-0.0086
climax_w1,SAUDI_ARABIA,nuclear_program,0.0086,0.0,-0.0086
climax_w1,RUBIO,deterrence,0.0086,0.0,-0.0086
climax_w1,RUBIO,nuclear_program,0.0086,0.0,-0.0086
climax_w1,SYRIA,diplomacy,0.0086,0.0,-0.0086
climax_w1,UAE,nuclear_program,0.0086,0.0,-0.0086
climax_w1,HEGSETH,nuclear_program,0.0086,0.0,-0.0086
climax_w1,HEGSETH,diplomacy,0.0086,0.0,-0.0086
climax_w1,LEBANON,nuclear_program,0.0086,0.0,-0.0086
climax_w1,US_CONGRESS,deterrence,0.0086,0.0,-0.0086
climax_w1,VANCE,strike_claims,0.0086,0.0,-0.0086
climax_w1,HEGSETH,deterrence,0.0086,0.0,-0.0086
climax_w1,GERMANY,nuclear_program,0.0202,0.0118,-0.0084
buildup_mar,OBAMA,nuclear_program,0.0385,0.0303,-0.0082
buildup_mar,IAEA,military_action,0.0385,0.0303,-0.0082
aftermath_jun-jul,RUSSIA,strike_claims,0.0215,0.0138,-0.0077
climax_w2,QATAR,deterrence,0.0439,0.0364,-0.0075
aftermath_jun-jul,GROSSI,strike_claims,0.0305,0.023,-0.0075
buildup_may,VANCE,military_action,0.0072,0.0,-0.0072
buildup_may,VANCE,deterrence,0.0072,0.0,-0.0072
buildup_may,PUTIN,nuclear_program,0.0072,0.0,-0.0072
aftermath_jun-jul,GROSSI,diplomacy,0.0072,0.0,-0.0072
buildup_may,REPUBLICANS,deterrence,0.0072,0.0,-0.0072
aftermath_jun-jul,UAE,diplomacy,0.0072,0.0,-0.0072
buildup_may,US_SENATE,diplomacy,0.0072,0.0,-0.0072
aftermath_jun-jul,OMAN,nuclear_program,0.0072,0.0,-0.0072
buildup_may,US_CONGRESS,deterrence,0.0072,0.0,-0.0072
aftermath_jun-jul,US_SENATE,strike_claims,0.0072,0.0,-0.0072
buildup_may,SAUDI_ARABIA,strike_claims,0.0072,0.0,-0.0072
buildup_may,YEMEN,strike_claims,0.0072,0.0,-0.0072
aftermath_jun-jul,PUTIN,strike_claims,0.0072,0.0,-0.0072
buildup_may,UAE,deterrence,0.0072,0.0,-0.0072
buildup_may,REPUBLICANS,strike_claims,0.0072,0.0,-0.0072
buildup_may,US_SENATE,military_action,0.0072,0.0,-0.0072
buildup_may,HAMAS,nuclear_program,0.0072,0.0,-0.0072
buildup_may,BIDEN,military_action,0.0072,0.0,-0.0072
buildup_may,GULF_STATES,military_action,0.0072,0.0,-0.0072
buildup_may,GROSSI,deterrence,0.0072,0.0,-0.0072
buildup_may,IRAQ,diplomacy,0.0072,0.0,-0.0072
buildup_may,ARAGHCHI,strike_claims,0.0072,0.0,-0.0072
buildup_may,KHAMENEI,military_action,0.0072,0.0,-0.0072
buildup_may,KHAMENEI,strike_claims,0.0072,0.0,-0.0072
buildup_may,NATO,diplomacy,0.0072,0.0,-0.0072
buildup_may,NATO,military_action,0.0072,0.0,-0.0072
buildup_may,WITKOFF,strike_claims,0.0072,0.0,-0.0072
climax_w2,US_CONGRESS,diplomacy,0.007,0.0,-0.007
climax_w2,LEBANON,nuclear_program,0.007,0.0,-0.007
climax_w2,LEBANON,strike_claims,0.007,0.0,-0.007
climax_w2,VANCE,deterrence,0.007,0.0,-0.007
climax_w2,REPUBLICANS,diplomacy,0.007,0.0,-0.007
climax_w2,SYRIA,nuclear_program,0.007,0.0,-0.007
climax_w2,HAMAS,nuclear_program,0.007,0.0,-0.007
climax_w2,OBAMA,strike_claims,0.007,0.0,-0.007
climax_w2,UKRAINE,nuclear_program,0.007,0.0,-0.007
climax_w2,GROSSI,deterrence,0.007,0.0,-0.007
aftermath_aug,KHAMENEI,strike_claims,0.0069,0.0,-0.0069
aftermath_aug,HEZBOLLAH,diplomacy,0.0069,0.0,-0.0069
aftermath_aug,SYRIA,nuclear_program,0.0069,0.0,-0.0069
aftermath_aug,LEBANON,deterrence,0.0069,0.0,-0.0069
aftermath_aug,LEBANON,diplomacy,0.0069,0.0,-0.0069
aftermath_aug,LEBANON,nuclear_program,0.0069,0.0,-0.0069
aftermath_aug,NATO,deterrence,0.0069,0.0,-0.0069
aftermath_aug,REPUBLICANS,deterrence,0.0069,0.0,-0.0069
aftermath_aug,HOUTHIS,strike_claims,0.0069,0.0,-0.0069
aftermath_aug,HEGSETH,deterrence,0.0069,0.0,-0.0069
aftermath_aug,REPUBLICANS,diplomacy,0.0069,0.0,-0.0069
aftermath_aug,DEMOCRATS,strike_claims,0.0069,0.0,-0.0069
aftermath_aug,YEMEN,nuclear_program,0.0069,0.0,-0.0069
climax_w2,GAZA,strike_claims,0.0246,0.0182,-0.0064
buildup_apr,GERMANY,nuclear_program,0.0219,0.0156,-0.0063
buildup_apr,GROSSI,military_action,0.0219,0.0156,-0.0063
buildup_apr,PEZESHKIAN,military_action,0.0219,0.0156,-0.0063
aftermath_jun-jul,WITKOFF,military_action,0.0108,0.0046,-0.0062
climax_w1,GERMANY,strike_claims,0.0058,0.0,-0.0058
climax_w1,FRANCE,deterrence,0.0058,0.0,-0.0058
climax_w1,YEMEN,deterrence,0.0058,0.0,-0.0058
climax_w1,GULF_STATES,military_action,0.0058,0.0,-0.0058
climax_w1,GERMANY,diplomacy,0.0058,0.0,-0.0058
climax_w1,LEBANON,strike_claims,0.0058,0.0,-0.0058
climax_w1,RUBIO,diplomacy,0.0058,0.0,-0.0058
climax_w1,VANCE,deterrence,0.0058,0.0,-0.0058
climax_w1,SYRIA,deterrence,0.0058,0.0,-0.0058
climax_w1,IRAQ,diplomacy,0.0058,0.0,-0.0058
climax_w1,US_SENATE,nuclear_program,0.0058,0.0,-0.0058
climax_w1,US_CONGRESS,diplomacy,0.0058,0.0,-0.0058
climax_w1,NATO,military_action,0.0058,0.0,-0.0058
climax_w1,RUBIO,strike_claims,0.0058,0.0,-0.0058
climax_w1,HEZBOLLAH,nuclear_program,0.0058,0.0,-0.0058
climax_w1,UKRAINE,strike_claims,0.0058,0.0,-0.0058
buildup_apr,HEGSETH,diplomacy,0.0055,0.0,-0.0055
buildup_apr,HEGSETH,nuclear_program,0.0055,0.0,-0.0055
buildup_apr,HOUTHIS,strike_claims,0.0055,0.0,-0.0055
climax_w1,UK,nuclear_program,0.0173,0.0118,-0.0055
buildup_apr,US_CONGRESS,deterrence,0.0055,0.0,-0.0055
buildup_apr,IRAQ,diplomacy,0.0055,0.0,-0.0055
buildup_apr,IRAQ,strike_claims,0.0055,0.0,-0.0055
buildup_apr,US_SENATE,diplomacy,0.0055,0.0,-0.0055
buildup_apr,OBAMA,strike_claims,0.0055,0.0,-0.0055
buildup_apr,OMAN,strike_claims,0.0055,0.0,-0.0055
buildup_apr,PUTIN,nuclear_program,0.0055,0.0,-0.0055
buildup_apr,QATAR,diplomacy,0.0055,0.0,-0.0055
buildup_apr,SYRIA,nuclear_program,0.0055,0.0,-0.0055
buildup_apr,US_SENATE,nuclear_program,0.0055,0.0,-0.0055
buildup_apr,UKRAINE,strike_claims,0.0055,0.0,-0.0055
buildup_apr,LEBANON,deterrence,0.0055,0.0,-0.0055
buildup_apr,DEMOCRATS,deterrence,0.0055,0.0,-0.0055
aftermath_jun-jul,HOUTHIS,diplomacy,0.0054,0.0,-0.0054
aftermath_jun-jul,GROSSI,deterrence,0.0054,0.0,-0.0054
aftermath_jun-jul,OBAMA,deterrence,0.0054,0.0,-0.0054
climax_w2,OBAMA,deterrence,0.0053,0.0,-0.0053
climax_w2,NATO,deterrence,0.0053,0.0,-0.0053
climax_w2,EU,strike_claims,0.0053,0.0,-0.0053
climax_w2,BIDEN,nuclear_program,0.0053,0.0,-0.0053
climax_w2,UAE,deterrence,0.0053,0.0,-0.0053
climax_w2,PUTIN,strike_claims,0.0053,0.0,-0.0053
climax_w2,SYRIA,diplomacy,0.0053,0.0,-0.0053
climax_w2,OMAN,deterrence,0.0053,0.0,-0.0053
climax_w2,YEMEN,strike_claims,0.0053,0.0,-0.0053
climax_w2,YEMEN,nuclear_program,0.0053,0.0,-0.0053
buildup_jun1,CHINA,nuclear_program,0.0253,0.02,-0.0053
aftermath_jun-jul,GERMANY,nuclear_program,0.0376,0.0323,-0.0053
aftermath_aug,WITKOFF,military_action,0.0172,0.0119,-0.0053
buildup_may,CHINA,diplomacy,0.0217,0.0167,-0.005
buildup_may,UK,deterrence,0.0217,0.0167,-0.005
buildup_may,OMAN,deterrence,0.0217,0.0167,-0.005
aftermath_jun-jul,SYRIA,nuclear_program,0.009,0.0046,-0.0044
aftermath_jun-jul,UAE,deterrence,0.0036,0.0,-0.0036
aftermath_jun-jul,US_SENATE,nuclear_program,0.0036,0.0,-0.0036
aftermath_jun-jul,BAHRAIN,nuclear_program,0.0036,0.0,-0.0036
climax_w2,HOUTHIS,strike_claims,0.0035,0.0,-0.0035
climax_w2,US_SENATE,diplomacy,0.0035,0.0,-0.0035
climax_w2,BIDEN,strike_claims,0.0035,0.0,-0.0035
climax_w2,US_SENATE,strike_claims,0.0035,0.0,-0.0035
climax_w2,FRANCE,strike_claims,0.0035,0.0,-0.0035
climax_w2,OMAN,nuclear_program,0.0035,0.0,-0.0035
climax_w2,NATO,nuclear_program,0.0035,0.0,-0.0035
climax_w2,GROSSI,diplomacy,0.0035,0.0,-0.0035
climax_w2,NATO,strike_claims,0.0035,0.0,-0.0035
climax_w2,UK,strike_claims,0.0035,0.0,-0.0035
climax_w2,HEZBOLLAH,diplomacy,0.0035,0.0,-0.0035
aftermath_aug,IRAQ,deterrence,0.0034,0.0,-0.0034
aftermath_aug,HEZBOLLAH,strike_claims,0.0034,0.0,-0.0034
aftermath_aug,HEZBOLLAH,nuclear_program,0.0034,0.0,-0.0034
aftermath_aug,HEZBOLLAH,deterrence,0.0034,0.0,-0.0034
aftermath_aug,VANCE,military_action,0.0034,0.0,-0.0034
aftermath_aug,HAMAS,deterrence,0.0034,0.0,-0.0034
aftermath_aug,UAE,diplomacy,0.0034,0.0,-0.0034
aftermath_aug,RUBIO,strike_claims,0.0034,0.0,-0.0034
aftermath_aug,HOUTHIS,diplomacy,0.0034,0.0,-0.0034
aftermath_aug,SAUDI_ARABIA,deterrence,0.0034,0.0,-0.0034
aftermath_aug,DEMOCRATS,deterrence,0.0034,0.0,-0.0034
aftermath_aug,HOUTHIS,deterrence,0.0034,0.0,-0.0034
aftermath_aug,BIDEN,nuclear_program,0.0034,0.0,-0.0034
aftermath_jun-jul,FRANCE,strike_claims,0.0125,0.0092,-0.0033
aftermath_jun-jul,IRAQ,deterrence,0.0125,0.0092,-0.0033
aftermath_jun-jul,FRANCE,deterrence,0.0215,0.0184,-0.0031
aftermath_jun-jul,LEBANON,strike_claims,0.0215,0.0184,-0.0031
buildup_apr,GERMANY,diplomacy,0.0656,0.0625,-0.0031
buildup_apr,CHINA,nuclear_program,0.0656,0.0625,-0.0031
climax_w1,HEGSETH,strike_claims,0.0029,0.0,-0.0029
climax_w1,HOUTHIS,deterrence,0.0029,0.0,-0.0029
climax_w1,US_SENATE,deterrence,0.0029,0.0,-0.0029
climax_w1,SAUDI_ARABIA,strike_claims,0.0029,0.0,-0.0029
climax_w1,US_CONGRESS,strike_claims,0.0029,0.0,-0.0029
climax_w1,QATAR,nuclear_program,0.0029,0.0,-0.0029
climax_w1,WITKOFF,strike_claims,0.0029,0.0,-0.0029
climax_w1,YEMEN,diplomacy,0.0029,0.0,-0.0029
climax_w1,GROSSI,diplomacy,0.0029,0.0,-0.0029
climax_w1,YEMEN,nuclear_program,0.0029,0.0,-0.0029
climax_w1,NATO,diplomacy,0.0029,0.0,-0.0029
climax_w2,GERMANY,nuclear_program,0.0211,0.0182,-0.0029
climax_w1,OBAMA,strike_claims,0.0029,0.0,-0.0029
climax_w2,FRANCE,deterrence,0.0211,0.0182,-0.0029
climax_w1,LEBANON,diplomacy,0.0029,0.0,-0.0029
aftermath_jun-jul,BIDEN,strike_claims,0.0072,0.0046,-0.0026
aftermath_jun-jul,SAUDI_ARABIA,deterrence,0.0072,0.0046,-0.0026
aftermath_jun-jul,SAUDI_ARABIA,strike_claims,0.0072,0.0046,-0.0026
climax_w1,GERMANY,military_action,0.0144,0.0118,-0.0026
aftermath_jun-jul,CHINA,strike_claims,0.0072,0.0046,-0.0026
climax_w1,IAEA,diplomacy,0.0144,0.0118,-0.0026
aftermath_jun-jul,QATAR,deterrence,0.0161,0.0138,-0.0023
aftermath_aug,GAZA,nuclear_program,0.0138,0.0119,-0.0019
aftermath_aug,US_CONGRESS,military_action,0.0138,0.0119,-0.0019
aftermath_aug,UKRAINE,strike_claims,0.0138,0.0119,-0.0019
aftermath_jun-jul,WITKOFF,strike_claims,0.0018,0.0,-0.0018
climax_w2,SAUDI_ARABIA,strike_claims,0.0018,0.0,-0.0018
aftermath_jun-jul,WITKOFF,deterrence,0.0018,0.0,-0.0018
aftermath_jun-jul,VANCE,strike_claims,0.0018,0.0,-0.0018
climax_w2,WITKOFF,strike_claims,0.0018,0.0,-0.0018
aftermath_jun-jul,US_SENATE,deterrence,0.0018,0.0,-0.0018
climax_w2,HOUTHIS,nuclear_program,0.0018,0.0,-0.0018
climax_w2,BAHRAIN,diplomacy,0.0018,0.0,-0.0018
climax_w2,BAHRAIN,nuclear_program,0.0018,0.0,-0.0018
climax_w2,BAHRAIN,strike_claims,0.0018,0.0,-0.0018
aftermath_jun-jul,HEGSETH,diplomacy,0.0018,0.0,-0.0018
aftermath_jun-jul,WITKOFF,nuclear_program,0.0108,0.0092,-0.0016
aftermath_jun-jul,QATAR,strike_claims,0.0108,0.0092,-0.0016
buildup_may,ISRAEL,strike_claims,0.1014,0.1,-0.0014
climax_w2,CHINA,nuclear_program,0.0193,0.0182,-0.0011
buildup_apr,NETANYAHU,deterrence,0.0164,0.0156,-0.0008
buildup_apr,SYRIA,diplomacy,0.0164,0.0156,-0.0008
climax_w1,UK,military_action,0.0115,0.0118,0.0003
aftermath_jun-jul,GAZA,deterrence,0.0179,0.0184,0.0005
climax_w1,OMAN,nuclear_program,0.0346,0.0353,0.0007
buildup_may,US_CONGRESS,diplomacy,0.0145,0.0167,0.0022
buildup_may,GERMANY,nuclear_program,0.0145,0.0167,0.0022
buildup_may,GERMANY,deterrence,0.0145,0.0167,0.0022
climax_w2,OMAN,diplomacy,0.0158,0.0182,0.0024
aftermath_jun-jul,UK,strike_claims,0.0018,0.0046,0.0028
aftermath_jun-jul,YEMEN,strike_claims,0.0018,0.0046,0.0028
aftermath_jun-jul,YEMEN,diplomacy,0.0018,0.0046,0.0028
aftermath_aug,ARAGHCHI,deterrence,0.0448,0.0476,0.0028
aftermath_aug,UK,strike_claims,0.0207,0.0238,0.0031
buildup_apr,IAEA,military_action,0.0273,0.0312,0.0039
buildup_apr,RUSSIA,nuclear_program,0.1366,0.1406,0.004
aftermath_jun-jul,LEBANON,diplomacy,0.0143,0.0184,0.0041
climax_w2,OMAN,military_action,0.014,0.0182,0.0042
buildup_apr,EU,nuclear_program,0.0109,0.0156,0.0047
buildup_mar,IAEA,deterrence,0.0256,0.0303,0.0047
aftermath_aug,HAMAS,strike_claims,0.031,0.0357,0.0047
buildup_mar,EU,deterrence,0.0256,0.0303,0.0047
buildup_mar,SAUDI_ARABIA,military_action,0.0256,0.0303,0.0047
aftermath_aug,UN_SECURITY_COUNCIL,deterrence,0.0069,0.0119,0.005
aftermath_aug,QATAR,diplomacy,0.0069,0.0119,0.005
aftermath_aug,GROSSI,strike_claims,0.0069,0.0119,0.005
aftermath_aug,SYRIA,deterrence,0.0069,0.0119,0.005
aftermath_jun-jul,IAEA,diplomacy,0.0179,0.023,0.0051
aftermath_jun-jul,ISRAEL,deterrence,0.2849,0.2903,0.0054
climax_w2,CHINA,strike_claims,0.0123,0.0182,0.0059
aftermath_jun-jul,USA,diplomacy,0.7545,0.7604,0.0059
aftermath_aug,LEBANON,strike_claims,0.0172,0.0238,0.0066
climax_w1,IAEA,strike_claims,0.0634,0.0706,0.0072
buildup_jun1,LEBANON,military_action,0.0127,0.02,0.0073
aftermath_jun-jul,PUTIN,nuclear_program,0.0108,0.0184,0.0076
aftermath_jun-jul,OMAN,diplomacy,0.0108,0.0184,0.0076
climax_w2,IAEA,diplomacy,0.0105,0.0182,0.0077
aftermath_aug,PEZESHKIAN,strike_claims,0.0034,0.0119,0.0085
aftermath_aug,IRAQ,nuclear_program,0.0034,0.0119,0.0085
aftermath_aug,IRAQ,strike_claims,0.0034,0.0119,0.0085
aftermath_aug,US_CONGRESS,nuclear_program,0.0034,0.0119,0.0085
aftermath_aug,PEZESHKIAN,deterrence,0.0034,0.0119,0.0085
aftermath_jun-jul,SYRIA,strike_claims,0.0143,0.023,0.0087
climax_w1,IAEA,military_action,0.1441,0.1529,0.0088
climax_w1,UAE,diplomacy,0.0029,0.0118,0.0089
climax_w1,UAE,deterrence,0.0029,0.0118,0.0089
climax_w1,OMAN,deterrence,0.0029,0.0118,0.0089
buildup_apr,OMAN,deterrence,0.0219,0.0312,0.0093
buildup_may,PEZESHKIAN,military_action,0.0072,0.0167,0.0095
buildup_may,IRAQ,strike_claims,0.0072,0.0167,0.0095
aftermath_jun-jul,GERMANY,military_action,0.0179,0.0276,0.0097
aftermath_aug,GERMANY,strike_claims,0.0138,0.0238,0.01
aftermath_aug,PEZESHKIAN,military_action,0.0138,0.0238,0.01
buildup_apr,UK,deterrence,0.0055,0.0156,0.0101
buildup_apr,OMAN,nuclear_program,0.224,0.2344,0.0104
aftermath_jun-jul,IRAN,diplomacy,1.4086,1.4194,0.0108
aftermath_jun-jul,GERMANY,deterrence,0.0072,0.0184,0.0112
climax_w2,PEZESHKIAN,deterrence,0.007,0.0182,0.0112
buildup_may,SYRIA,military_action,0.0217,0.0333,0.0116
buildup_may,IAEA,military_action,0.0217,0.0333,0.0116
climax_w1,OMAN,strike_claims,0.0,0.0118,0.0118
aftermath_aug,UN_SECURITY_COUNCIL,strike_claims,0.0,0.0119,0.0119
aftermath_aug,OMAN,military_action,0.0,0.0119,0.0119
aftermath_aug,NATO,military_action,0.0,0.0119,0.0119
aftermath_aug,NATO,nuclear_program,0.0,0.0119,0.0119
aftermath_aug,OMAN,nuclear_program,0.0,0.0119,0.0119
aftermath_jun-jul,PEZESHKIAN,deterrence,0.0018,0.0138,0.012
aftermath_jun-jul,UK,deterrence,0.0108,0.023,0.0122
climax_w2,EU,nuclear_program,0.0421,0.0545,0.0124
aftermath_jun-jul,OMAN,military_action,0.0197,0.0323,0.0126
climax_w2,GAZA,deterrence,0.0053,0.0182,0.0129
climax_w2,IAEA,military_action,0.114,0.1273,0.0133
buildup_apr,RUSSIA,deterrence,0.0492,0.0625,0.0133
aftermath_aug,FRANCE,strike_claims,0.0103,0.0238,0.0135
aftermath_jun-jul,UN_SECURITY_COUNCIL,deterrence,0.0,0.0138,0.0138
buildup_jun1,USA,deterrence,0.2658,0.28,0.0142
climax_w2,LEBANON,diplomacy,0.0035,0.0182,0.0147
climax_w1,RUSSIA,strike_claims,0.0086,0.0235,0.0149
climax_w1,GROSSI,strike_claims,0.0432,0.0588,0.0156
buildup_apr,GERMANY,strike_claims,0.0,0.0156,0.0156
buildup_apr,ARAGHCHI,strike_claims,0.0,0.0156,0.0156
buildup_apr,UK,strike_claims,0.0,0.0156,0.0156
buildup_apr,EU,strike_claims,0.0,0.0156,0.0156
buildup_apr,GERMANY,deterrence,0.0,0.0156,0.0156
climax_w2,PEZESHKIAN,diplomacy,0.0018,0.0182,0.0164
buildup_may,PEZESHKIAN,strike_claims,0.0,0.0167,0.0167
buildup_may,IAEA,strike_claims,0.0,0.0167,0.0167
buildup_may,UN_SECURITY_COUNCIL,nuclear_program,0.0,0.0167,0.0167
buildup_may,FRANCE,nuclear_program,0.0,0.0167,0.0167
buildup_may,IRAQ,military_action,0.0,0.0167,0.0167
buildup_may,UK,strike_claims,0.0,0.0167,0.0167
buildup_may,FRANCE,military_action,0.0,0.0167,0.0167
aftermath_aug,NETANYAHU,deterrence,0.0069,0.0238,0.0169
climax_w2,IAEA,strike_claims,0.0193,0.0364,0.0171
buildup_mar,FRANCE,nuclear_program,0.0128,0.0303,0.0175
buildup_mar,RUSSIA,strike_claims,0.0128,0.0303,0.0175
buildup_mar,GAZA,strike_claims,0.0128,0.0303,0.0175
climax_w2,UN_SECURITY_COUNCIL,nuclear_program,0.0,0.0182,0.0182
climax_w2,UN_SECURITY_COUNCIL,strike_claims,0.0,0.0182,0.0182
climax_w2,GAZA,nuclear_program,0.0175,0.0364,0.0189
buildup_apr,PEZESHKIAN,nuclear_program,0.0273,0.0469,0.0196
buildup_jun1,GROSSI,deterrence,0.0,0.02,0.02
buildup_jun1,LEBANON,diplomacy,0.0,0.02,0.02
buildup_jun1,KHAMENEI,strike_claims,0.0,0.02,0.02
buildup_jun1,PEZESHKIAN,military_action,0.0,0.02,0.02
buildup_jun1,LEBANON,nuclear_program,0.0,0.02,0.02
buildup_jun1,GAZA,strike_claims,0.0,0.02,0.02
buildup_jun1,SYRIA,nuclear_program,0.0,0.02,0.02
buildup_jun1,UN_SECURITY_COUNCIL,diplomacy,0.0,0.02,0.02
buildup_apr,BAHRAIN,diplomacy,0.0109,0.0312,0.0203
aftermath_aug,OMAN,diplomacy,0.0034,0.0238,0.0204
climax_w1,PUTIN,strike_claims,0.0029,0.0235,0.0206
climax_w1,CHINA,strike_claims,0.0029,0.0235,0.0206
climax_w1,EU,deterrence,0.0029,0.0235,0.0206
buildup_jun1,USA,strike_claims,0.1392,0.16,0.0208
buildup_may,UK,nuclear_program,0.029,0.05,0.021
climax_w1,ARAGHCHI,diplomacy,0.0259,0.0471,0.0212
aftermath_jun-jul,GAZA,strike_claims,0.0341,0.0553,0.0212
aftermath_aug,IRAQ,military_action,0.0138,0.0357,0.0219
climax_w2,GAZA,diplomacy,0.014,0.0364,0.0224
aftermath_jun-jul,QATAR,nuclear_program,0.0143,0.0369,0.0226
climax_w2,RUSSIA,strike_claims,0.0316,0.0545,0.0229
climax_w2,ARAGHCHI,military_action,0.086,0.1091,0.0231
aftermath_jun-jul,EU,nuclear_program,0.0502,0.0737,0.0235
climax_w2,FRANCE,military_action,0.0491,0.0727,0.0236
aftermath_aug,UN_SECURITY_COUNCIL,military_action,0.0,0.0238,0.0238
climax_w1,EU,diplomacy,0.0231,0.0471,0.024
aftermath_jun-jul,RUSSIA,nuclear_program,0.086,0.1106,0.0246
aftermath_jun-jul,EU,military_action,0.0394,0.0645,0.0251
buildup_may,IAEA,diplomacy,0.058,0.0833,0.0253
buildup_apr,UN_SECURITY_COUNCIL,diplomacy,0.0055,0.0312,0.0257
buildup_mar,IRAQ,diplomacy,0.0641,0.0909,0.0268
buildup_jun1,ARAGHCHI,military_action,0.0127,0.04,0.0273
buildup_apr,FRANCE,diplomacy,0.082,0.1094,0.0274
aftermath_jun-jul,IAEA,deterrence,0.009,0.0369,0.0279
buildup_jun1,EU,deterrence,0.0506,0.08,0.0294
climax_w1,PEZESHKIAN,deterrence,0.0058,0.0353,0.0295
buildup_apr,FRANCE,military_action,0.0328,0.0625,0.0297
buildup_mar,SAUDI_ARABIA,deterrence,0.0,0.0303,0.0303
buildup_mar,UAE,strike_claims,0.0,0.0303,0.0303
buildup_mar,UN_SECURITY_COUNCIL,diplomacy,0.0,0.0303,0.0303
buildup_mar,QATAR,military_action,0.0,0.0303,0.0303
buildup_mar,SAUDI_ARABIA,strike_claims,0.0,0.0303,0.0303
buildup_mar,OMAN,nuclear_program,0.0,0.0303,0.0303
buildup_mar,LEBANON,strike_claims,0.0,0.0303,0.0303
buildup_mar,GERMANY,military_action,0.0,0.0303,0.0303
aftermath_aug,UN_SECURITY_COUNCIL,nuclear_program,0.0172,0.0476,0.0304
buildup_apr,UAE,nuclear_program,0.0,0.0312,0.0312
buildup_apr,IAEA,strike_claims,0.0,0.0312,0.0312
aftermath_jun-jul,FRANCE,diplomacy,0.0376,0.0691,0.0315
buildup_apr,IAEA,diplomacy,0.0929,0.125,0.0321
climax_w2,IAEA,deterrence,0.0035,0.0364,0.0329
buildup_may,EU,strike_claims,0.0,0.0333,0.0333
buildup_may,NATO,nuclear_program,0.0,0.0333,0.0333
buildup_may,FRANCE,deterrence,0.0,0.0333,0.0333
aftermath_jun-jul,EU,deterrence,0.0215,0.0553,0.0338
buildup_mar,UAE,deterrence,0.0256,0.0606,0.035
climax_w1,EU,strike_claims,0.0,0.0353,0.0353
climax_w1,PUTIN,military_action,0.0115,0.0471,0.0356
climax_w1,ARAGHCHI,nuclear_program,0.0115,0.0471,0.0356
buildup_apr,EU,deterrence,0.0109,0.0469,0.036
climax_w2,PEZESHKIAN,strike_claims,0.0,0.0364,0.0364
aftermath_jun-jul,UN_SECURITY_COUNCIL,diplomacy,0.0,0.0369,0.0369
aftermath_aug,ISRAEL,strike_claims,0.2483,0.2857,0.0374
buildup_jun1,UN_SECURITY_COUNCIL,deterrence,0.0,0.04,0.04
buildup_jun1,PEZESHKIAN,deterrence,0.0,0.04,0.04
buildup_jun1,ARAGHCHI,deterrence,0.0,0.04,0.04
buildup_jun1,FRANCE,strike_claims,0.0,0.04,0.04
buildup_jun1,PEZESHKIAN,strike_claims,0.0,0.04,0.04
buildup_apr,GROSSI,deterrence,0.0055,0.0469,0.0414
buildup_mar,ISRAEL,strike_claims,0.2308,0.2727,0.0419
buildup_apr,USA,diplomacy,2.3005,2.3438,0.0433
climax_w1,ARAGHCHI,deterrence,0.0029,0.0471,0.0442
aftermath_jun-jul,UK,diplomacy,0.0287,0.0737,0.045
buildup_may,USA,diplomacy,2.0217,2.0667,0.045
aftermath_jun-jul,GERMANY,diplomacy,0.0233,0.0691,0.0458
climax_w2,ARAGHCHI,diplomacy,0.0632,0.1091,0.0459
aftermath_jun-jul,GERMANY,strike_claims,0.0,0.0461,0.0461
aftermath_aug,IAEA,strike_claims,0.0,0.0476,0.0476
aftermath_aug,QATAR,deterrence,0.0,0.0476,0.0476
buildup_mar,UK,nuclear_program,0.0128,0.0606,0.0478
buildup_mar,GERMANY,nuclear_program,0.0128,0.0606,0.0478
buildup_mar,UK,deterrence,0.0128,0.0606,0.0478
buildup_apr,PEZESHKIAN,diplomacy,0.0437,0.0938,0.0501
buildup_mar,USA,deterrence,0.5256,0.5758,0.0502
climax_w1,FRANCE,nuclear_program,0.0317,0.0824,0.0507
climax_w2,ARAGHCHI,nuclear_program,0.0211,0.0727,0.0516
climax_w2,IAEA,nuclear_program,0.2386,0.2909,0.0523
climax_w1,PEZESHKIAN,nuclear_program,0.0058,0.0588,0.053
buildup_jun1,GROSSI,nuclear_program,0.1266,0.18,0.0534
aftermath_jun-jul,UN_SECURITY_COUNCIL,nuclear_program,0.0,0.0553,0.0553
aftermath_jun-jul,UN_SECURITY_COUNCIL,military_action,0.0,0.0553,0.0553
aftermath_aug,EU,strike_claims,0.0276,0.0833,0.0557
climax_w1,EU,military_action,0.0144,0.0706,0.0562
buildup_jun1,UK,nuclear_program,0.0633,0.12,0.0567
buildup_apr,UAE,diplomacy,0.0055,0.0625,0.057
buildup_apr,PEZESHKIAN,deterrence,0.0055,0.0625,0.057
buildup_apr,NATO,nuclear_program,0.0055,0.0625,0.057
climax_w1,UN_SECURITY_COUNCIL,deterrence,0.0,0.0588,0.0588
climax_w1,PEZESHKIAN,strike_claims,0.0,0.0588,0.0588
climax_w1,UN_SECURITY_COUNCIL,strike_claims,0.0,0.0588,0.0588
climax_w1,UN_SECURITY_COUNCIL,military_action,0.0,0.0588,0.0588
aftermath_aug,PEZESHKIAN,diplomacy,0.0,0.0595,0.0595
buildup_jun1,UK,strike_claims,0.0,0.06,0.06
buildup_jun1,ARAGHCHI,strike_claims,0.0,0.06,0.06
buildup_jun1,GROSSI,diplomacy,0.0,0.06,0.06
buildup_jun1,GERMANY,strike_claims,0.0,0.06,0.06
buildup_mar,GROSSI,diplomacy,0.0,0.0606,0.0606
buildup_mar,SYRIA,strike_claims,0.0,0.0606,0.0606
buildup_mar,ARAGHCHI,strike_claims,0.0,0.0606,0.0606
buildup_mar,FRANCE,deterrence,0.0,0.0606,0.0606
buildup_mar,UAE,military_action,0.0,0.0606,0.0606
buildup_mar,PEZESHKIAN,deterrence,0.0,0.0606,0.0606
buildup_mar,GERMANY,deterrence,0.0,0.0606,0.0606
aftermath_jun-jul,EU,strike_claims,0.0036,0.0645,0.0609
buildup_apr,GROSSI,diplomacy,0.0328,0.0938,0.061
climax_w1,IAEA,deterrence,0.0086,0.0706,0.062
climax_w1,IRAQ,strike_claims,0.0202,0.0824,0.0622
aftermath_jun-jul,PEZESHKIAN,diplomacy,0.0197,0.0829,0.0632
aftermath_jun-jul,QATAR,military_action,0.129,0.1935,0.0645
buildup_mar,ARAGHCHI,military_action,0.0256,0.0909,0.0653
aftermath_aug,UN_SECURITY_COUNCIL,diplomacy,0.0414,0.1071,0.0657
buildup_jun1,PEZESHKIAN,diplomacy,0.0127,0.08,0.0673
buildup_may,ISRAEL,deterrence,0.2319,0.3,0.0681
buildup_may,EU,nuclear_program,0.0145,0.0833,0.0688
aftermath_jun-jul,UN_SECURITY_COUNCIL,strike_claims,0.0,0.0691,0.0691
aftermath_jun-jul,PEZESHKIAN,strike_claims,0.009,0.0783,0.0693
buildup_jun1,GERMANY,nuclear_program,0.0506,0.12,0.0694
climax_w1,UN_SECURITY_COUNCIL,nuclear_program,0.0,0.0706,0.0706
climax_w2,ARAGHCHI,strike_claims,0.0193,0.0909,0.0716
buildup_apr,IAEA,deterrence,0.0219,0.0938,0.0719
aftermath_aug,ARAGHCHI,strike_claims,0.0103,0.0833,0.073
aftermath_jun-jul,USA,strike_claims,0.5627,0.6359,0.0732
buildup_may,IAEA,deterrence,0.0072,0.0833,0.0761
buildup_mar,ISRAEL,deterrence,0.1026,0.1818,0.0792
buildup_mar,RUSSIA,nuclear_program,0.1923,0.2727,0.0804
buildup_mar,GROSSI,nuclear_program,0.0385,0.1212,0.0827
aftermath_jun-jul,ARAGHCHI,deterrence,0.0036,0.0876,0.084
buildup_may,PEZESHKIAN,nuclear_program,0.0652,0.15,0.0848
buildup_may,EU,deterrence,0.029,0.1167,0.0877
aftermath_jun-jul,PEZESHKIAN,military_action,0.0179,0.106,0.0881
climax_w1,PEZESHKIAN,diplomacy,0.0029,0.0941,0.0912
buildup_apr,FRANCE,strike_claims,0.0,0.0938,0.0938
buildup_jun1,FRANCE,diplomacy,0.0253,0.12,0.0947
buildup_apr,ARAGHCHI,military_action,0.0109,0.1094,0.0985
buildup_jun1,FRANCE,nuclear_program,0.038,0.14,0.102
buildup_may,ARAGHCHI,military_action,0.0145,0.1167,0.1022
buildup_jun1,EU,strike_claims,0.0127,0.12,0.1073
buildup_may,GERMANY,diplomacy,0.0072,0.1167,0.1095
buildup_jun1,IAEA,deterrence,0.0,0.12,0.12
buildup_jun1,EU,diplomacy,0.1392,0.26,0.1208
buildup_mar,QATAR,nuclear_program,0.0,0.1212,0.1212
buildup_mar,UN_SECURITY_COUNCIL,nuclear_program,0.0,0.1212,0.1212
aftermath_aug,ARAGHCHI,military_action,0.0931,0.2143,0.1212
buildup_jun1,UK,diplomacy,0.038,0.16,0.122
buildup_jun1,GERMANY,diplomacy,0.038,0.16,0.122
aftermath_jun-jul,PEZESHKIAN,nuclear_program,0.0054,0.129,0.1236
aftermath_jun-jul,IAEA,strike_claims,0.0376,0.1613,0.1237
buildup_mar,UAE,diplomacy,0.0256,0.1515,0.1259
buildup_may,UK,diplomacy,0.0072,0.1333,0.1261
buildup_apr,OMAN,diplomacy,0.4973,0.625,0.1277
climax_w1,ARAGHCHI,strike_claims,0.0,0.1294,0.1294
buildup_jun1,IAEA,diplomacy,0.0506,0.18,0.1294
buildup_may,FRANCE,diplomacy,0.0,0.1333,0.1333
buildup_may,OMAN,nuclear_program,0.1304,0.2667,0.1363
buildup_jun1,IAEA,strike_claims,0.0,0.14,0.14
buildup_jun1,PEZESHKIAN,nuclear_program,0.0,0.14,0.14
buildup_apr,ARAGHCHI,deterrence,0.0437,0.1875,0.1438
climax_w1,PEZESHKIAN,military_action,0.0202,0.1647,0.1445
climax_w1,IRAN,strike_claims,0.7839,0.9294,0.1455
buildup_may,ARAGHCHI,deterrence,0.087,0.2333,0.1463
buildup_apr,IRAN,deterrence,0.9836,1.1406,0.157
buildup_mar,USA,strike_claims,0.1154,0.2727,0.1573
aftermath_jun-jul,ISRAEL,military_action,1.9462,2.106,0.1598
buildup_jun1,IRAN,strike_claims,0.2911,0.46,0.1689
buildup_jun1,OMAN,nuclear_program,0.0506,0.22,0.1694
aftermath_aug,USA,strike_claims,0.1621,0.3333,0.1712
buildup_mar,ARAGHCHI,deterrence,0.0385,0.2121,0.1736
aftermath_aug,USA,military_action,1.1793,1.3571,0.1778
buildup_mar,FRANCE,diplomacy,0.0641,0.2424,0.1783
buildup_apr,GROSSI,nuclear_program,0.1257,0.3125,0.1868
aftermath_jun-jul,ARAGHCHI,strike_claims,0.0108,0.1982,0.1874
aftermath_jun-jul,EU,diplomacy,0.0842,0.2719,0.1877
buildup_mar,GERMANY,diplomacy,0.0513,0.2424,0.1911
buildup_jun1,EU,nuclear_program,0.038,0.24,0.202
buildup_apr,FRANCE,deterrence,0.0,0.2031,0.2031
buildup_mar,IAEA,diplomacy,0.0,0.2121,0.2121
buildup_may,EU,diplomacy,0.087,0.3,0.213
buildup_apr,FRANCE,nuclear_program,0.0492,0.2656,0.2164
buildup_may,IRAN,strike_claims,0.1449,0.3667,0.2218
aftermath_aug,QATAR,military_action,0.0034,0.2262,0.2228
buildup_mar,ARAGHCHI,nuclear_program,0.0385,0.2727,0.2342
aftermath_aug,IRAN,strike_claims,0.2655,0.5,0.2345
aftermath_jun-jul,IAEA,military_action,0.1326,0.3687,0.2361
buildup_mar,EU,nuclear_program,0.0,0.2424,0.2424
buildup_mar,UK,diplomacy,0.0513,0.303,0.2517
buildup_mar,IRAN,strike_claims,0.3205,0.5758,0.2553
buildup_may,OMAN,diplomacy,0.1957,0.4833,0.2876
buildup_jun1,IRAN,diplomacy,2.4051,2.7,0.2949
buildup_jun1,OMAN,diplomacy,0.0633,0.36,0.2967
buildup_jun1,ARAGHCHI,diplomacy,0.038,0.34,0.302
aftermath_jun-jul,ARAGHCHI,military_action,0.0538,0.3779,0.3241
buildup_jun1,ARAGHCHI,nuclear_program,0.0506,0.38,0.3294
climax_w1,ARAGHCHI,military_action,0.0317,0.3765,0.3448
buildup_apr,ARAGHCHI,nuclear_program,0.1475,0.5,0.3525
buildup_mar,IRAN,deterrence,0.7821,1.1515,0.3694
climax_w1,ISRAEL,strike_claims,0.5908,0.9647,0.3739
aftermath_jun-jul,IAEA,nuclear_program,0.3566,0.7327,0.3761
buildup_may,IAEA,nuclear_program,0.1957,0.5833,0.3876
aftermath_jun-jul,ARAGHCHI,diplomacy,0.0448,0.4332,0.3884
buildup_jun1,USA,diplomacy,1.3671,1.76,0.3929
buildup_apr,ARAGHCHI,diplomacy,0.306,0.7031,0.3971
aftermath_aug,ARAGHCHI,diplomacy,0.1621,0.5714,0.4093
aftermath_aug,ARAGHCHI,nuclear_program,0.0897,0.5,0.4103
aftermath_jun-jul,ARAGHCHI,nuclear_program,0.0591,0.5115,0.4524
buildup_mar,ARAGHCHI,diplomacy,0.0769,0.5758,0.4989
buildup_may,ARAGHCHI,nuclear_program,0.1957,0.7,0.5043
aftermath_jun-jul,ISRAEL,strike_claims,0.3369,0.8756,0.5387
buildup_apr,IAEA,nuclear_program,0.2732,0.9375,0.6643
buildup_may,ARAGHCHI,diplomacy,0.2536,0.95,0.6964
buildup_jun1,IAEA,nuclear_program,0.519,1.24,0.721
buildup_mar,EU,diplomacy,0.0,1.0,1.0
buildup_mar,IRAN,diplomacy,3.7436,4.7576,1.014
buildup_mar,USA,diplomacy,1.859,3.303,1.444
buildup_mar,IAEA,nuclear_program,0.1923,1.6364,1.4441
