window,group,concept,volume,share_of_concept,share_of_group
buildup_mar,us_aligned,military_action,308,0.43937232524964337,0.2539159109645507
buildup_mar,us_aligned,nuclear_program,285,0.4253731343283582,0.23495465787304204
buildup_mar,us_aligned,deterrence,111,0.45491803278688525,0.09150865622423743
buildup_mar,us_aligned,diplomacy,465,0.43703007518796994,0.38334707337180546
buildup_mar,us_aligned,strike_claims,44,0.5116279069767442,0.036273701566364384
buildup_mar,iran_aligned,military_action,284,0.4051355206847361,0.25448028673835127
buildup_mar,iran_aligned,nuclear_program,319,0.4761194029850746,0.28584229390681004
buildup_mar,iran_aligned,deterrence,79,0.3237704918032787,0.07078853046594982
buildup_mar,iran_aligned,diplomacy,398,0.37406015037593987,0.35663082437275984
buildup_mar,iran_aligned,strike_claims,36,0.4186046511627907,0.03225806451612903
buildup_mar,neutral,military_action,9,0.012838801711840228,0.1875
buildup_mar,neutral,nuclear_program,21,0.03134328358208955,0.4375
buildup_mar,neutral,deterrence,5,0.020491803278688523,0.10416666666666667
buildup_mar,neutral,diplomacy,13,0.012218045112781954,0.2708333333333333
buildup_mar,neutral,strike_claims,0,0.0,0.0
buildup_mar,other,military_action,100,0.14265335235378032,0.25773195876288657
buildup_mar,other,nuclear_program,45,0.06716417910447761,0.11597938144329897
buildup_mar,other,deterrence,49,0.20081967213114754,0.12628865979381443
buildup_mar,other,diplomacy,188,0.17669172932330826,0.4845360824742268
buildup_mar,other,strike_claims,6,0.06976744186046512,0.015463917525773196
buildup_apr,us_aligned,military_action,843,0.49011627906976746,0.2526978417266187
buildup_apr,us_aligned,nuclear_program,890,0.43224866440019427,0.2667865707434053
buildup_apr,us_aligned,deterrence,357,0.5425531914893617,0.10701438848920863
buildup_apr,us_aligned,diplomacy,1138,0.4716121011189391,0.3411270983213429
buildup_apr,us_aligned,strike_claims,108,0.4909090909090909,0.03237410071942446
buildup_apr,iran_aligned,military_action,620,0.36046511627906974,0.22545454545454546
buildup_apr,iran_aligned,nuclear_program,953,0.4628460417678485,0.34654545454545455
buildup_apr,iran_aligned,deterrence,216,0.3282674772036474,0.07854545454545454
buildup_apr,iran_aligned,diplomacy,870,0.36054703688354744,0.31636363636363635
buildup_apr,iran_aligned,strike_claims,91,0.41363636363636364,0.03309090909090909
buildup_apr,neutral,military_action,28,0.01627906976744186,0.12727272727272726
buildup_apr,neutral,nuclear_program,93,0.045167557066537155,0.42272727272727273
buildup_apr,neutral,deterrence,8,0.0121580547112462,0.03636363636363636
buildup_apr,neutral,diplomacy,91,0.03771239121425611,0.41363636363636364
buildup_apr,neutral,strike_claims,0,0.0,0.0
buildup_apr,other,military_action,229,0.13313953488372093,0.299738219895288
buildup_apr,other,nuclear_program,123,0.05973773676542011,0.16099476439790575
buildup_apr,other,deterrence,77,0.11702127659574468,0.10078534031413612
buildup_apr,other,diplomacy,314,0.13012847078325734,0.4109947643979058
buildup_apr,other,strike_claims,21,0.09545454545454546,0.0274869109947644
buildup_may,us_aligned,military_action,504,0.5413533834586466,0.2360655737704918
buildup_may,us_aligned,nuclear_program,618,0.4458874458874459,0.2894613583138173
buildup_may,us_aligned,deterrence,184,0.49595687331536387,0.08618266978922717
buildup_may,us_aligned,diplomacy,785,0.5057989690721649,0.36768149882903983
buildup_may,us_aligned,strike_claims,44,0.5,0.020608899297423888
buildup_may,iran_aligned,military_action,303,0.32545649838882923,0.18866749688667497
buildup_may,iran_aligned,nuclear_program,626,0.45165945165945165,0.38978829389788294
buildup_may,iran_aligned,deterrence,141,0.38005390835579517,0.08779576587795766
buildup_may,iran_aligned,diplomacy,503,0.3240979381443299,0.31320049813200496
buildup_may,iran_aligned,strike_claims,33,0.375,0.02054794520547945
buildup_may,neutral,military_action,12,0.01288936627282492,0.12244897959183673
buildup_may,neutral,nuclear_program,45,0.032467532467532464,0.45918367346938777
buildup_may,neutral,deterrence,11,0.029649595687331536,0.11224489795918367
buildup_may,neutral,diplomacy,30,0.019329896907216496,0.30612244897959184
buildup_may,neutral,strike_claims,0,0.0,0.0
buildup_may,other,military_action,112,0.12030075187969924,0.22903885480572597
buildup_may,other,nuclear_program,97,0.06998556998556998,0.1983640081799591
buildup_may,other,deterrence,35,0.09433962264150944,0.07157464212678936
buildup_may,other,diplomacy,234,0.15077319587628865,0.4785276073619632
buildup_may,other,strike_claims,11,0.125,0.022494887525562373
buildup_jun1,us_aligned,military_action,466,0.46693386773547096,0.36180124223602483
buildup_jun1,us_aligned,nuclear_program,327,0.40470297029702973,0.25388198757763975
buildup_jun1,us_aligned,deterrence,89,0.4810810810810811,0.06909937888198758
buildup_jun1,us_aligned,diplomacy,374,0.5102319236016372,0.29037267080745344
buildup_jun1,us_aligned,strike_claims,32,0.37209302325581395,0.024844720496894408
buildup_jun1,iran_aligned,military_action,282,0.28256513026052105,0.2968421052631579
buildup_jun1,iran_aligned,nuclear_program,378,0.46782178217821785,0.39789473684210525
buildup_jun1,iran_aligned,deterrence,51,0.2756756756756757,0.05368421052631579
buildup_jun1,iran_aligned,diplomacy,214,0.29195088676671216,0.22526315789473683
buildup_jun1,iran_aligned,strike_claims,25,0.29069767441860467,0.02631578947368421
buildup_jun1,neutral,military_action,21,0.021042084168336674,0.1693548387096774
buildup_jun1,neutral,nuclear_program,66,0.08168316831683169,0.532258064516129
buildup_jun1,neutral,deterrence,12,0.06486486486486487,0.0967741935483871
buildup_jun1,neutral,diplomacy,23,0.03137789904502047,0.18548387096774194
buildup_jun1,neutral,strike_claims,2,0.023255813953488372,0.016129032258064516
buildup_jun1,other,military_action,229,0.22945891783567135,0.5111607142857143
buildup_jun1,other,nuclear_program,37,0.04579207920792079,0.08258928571428571
buildup_jun1,other,deterrence,33,0.1783783783783784,0.07366071428571429
buildup_jun1,other,diplomacy,122,0.1664392905866303,0.27232142857142855
buildup_jun1,other,strike_claims,27,0.313953488372093,0.060267857142857144
climax_w1,us_aligned,military_action,3792,0.5817735501687634,0.5
climax_w1,us_aligned,nuclear_program,1715,0.4935251798561151,0.22613396624472573
climax_w1,us_aligned,deterrence,667,0.5784908933217693,0.08794831223628692
climax_w1,us_aligned,diplomacy,943,0.5820987654320988,0.12434071729957806
climax_w1,us_aligned,strike_claims,467,0.5579450418160096,0.06157700421940928
climax_w1,iran_aligned,military_action,2375,0.36437557532985576,0.470949831449534
climax_w1,iran_aligned,nuclear_program,1455,0.418705035971223,0.28851873884592505
climax_w1,iran_aligned,deterrence,410,0.35559410234171723,0.08130081300813008
climax_w1,iran_aligned,diplomacy,506,0.31234567901234567,0.10033710093198493
climax_w1,iran_aligned,strike_claims,297,0.3548387096774194,0.05889351576442594
climax_w1,neutral,military_action,102,0.01564897207732433,0.26424870466321243
climax_w1,neutral,nuclear_program,194,0.055827338129496404,0.5025906735751295
climax_w1,neutral,deterrence,14,0.012142237640936688,0.03626943005181347
climax_w1,neutral,diplomacy,34,0.020987654320987655,0.08808290155440414
climax_w1,neutral,strike_claims,42,0.05017921146953405,0.10880829015544041
climax_w1,other,military_action,249,0.03820190242405646,0.42203389830508475
climax_w1,other,nuclear_program,111,0.03194244604316547,0.188135593220339
climax_w1,other,deterrence,62,0.053772766695576756,0.10508474576271186
climax_w1,other,diplomacy,137,0.08456790123456791,0.23220338983050848
climax_w1,other,strike_claims,31,0.037037037037037035,0.05254237288135593
climax_w2,us_aligned,military_action,6922,0.5797805511349359,0.5022857557506712
climax_w2,us_aligned,nuclear_program,3185,0.5242798353909465,0.2311153036789783
climax_w2,us_aligned,deterrence,1132,0.5304592314901593,0.08214207967491474
climax_w2,us_aligned,diplomacy,1296,0.5415796071876305,0.09404252231332995
climax_w2,us_aligned,strike_claims,1246,0.5891252955082742,0.09041433858210579
climax_w2,iran_aligned,military_action,4184,0.3504481112320965,0.4665477252453167
climax_w2,iran_aligned,nuclear_program,2491,0.4100411522633745,0.2777653880463872
climax_w2,iran_aligned,deterrence,797,0.373477038425492,0.08887154326494201
climax_w2,iran_aligned,diplomacy,781,0.32636857501044714,0.08708742194469224
climax_w2,iran_aligned,strike_claims,715,0.3380614657210402,0.07972792149866191
climax_w2,neutral,military_action,208,0.017421894631041126,0.2880886426592798
climax_w2,neutral,nuclear_program,257,0.04230452674897119,0.3559556786703601
climax_w2,neutral,deterrence,64,0.02999062792877226,0.0886426592797784
climax_w2,neutral,diplomacy,157,0.06560802340158796,0.21745152354570638
climax_w2,neutral,strike_claims,36,0.01702127659574468,0.04986149584487535
climax_w2,other,military_action,625,0.05234944300192646,0.5274261603375527
climax_w2,other,nuclear_program,142,0.02337448559670782,0.11983122362869199
climax_w2,other,deterrence,141,0.06607310215557638,0.1189873417721519
climax_w2,other,diplomacy,159,0.06644379440033431,0.1341772151898734
climax_w2,other,strike_claims,118,0.055791962174940896,0.09957805907172995
aftermath_jun-jul,us_aligned,military_action,4615,0.5535564351685258,0.44213450852653763
aftermath_jun-jul,us_aligned,nuclear_program,2526,0.46314631463146316,0.2420003832151753
aftermath_jun-jul,us_aligned,deterrence,657,0.535889070146819,0.06294309254646484
aftermath_jun-jul,us_aligned,diplomacy,1593,0.5343844347534384,0.15261544357156542
aftermath_jun-jul,us_aligned,strike_claims,1047,0.5598930481283423,0.10030657214025675
aftermath_jun-jul,iran_aligned,military_action,2912,0.3492863140218304,0.40027491408934707
aftermath_jun-jul,iran_aligned,nuclear_program,2346,0.43014301430143015,0.3224742268041237
aftermath_jun-jul,iran_aligned,deterrence,388,0.3164763458401305,0.05333333333333334
aftermath_jun-jul,iran_aligned,diplomacy,946,0.3173431734317343,0.13003436426116838
aftermath_jun-jul,iran_aligned,strike_claims,683,0.36524064171122994,0.0938831615120275
aftermath_jun-jul,neutral,military_action,186,0.022310183519251528,0.2366412213740458
aftermath_jun-jul,neutral,nuclear_program,399,0.07315731573157316,0.5076335877862596
aftermath_jun-jul,neutral,deterrence,42,0.03425774877650897,0.05343511450381679
aftermath_jun-jul,neutral,diplomacy,111,0.03723582690372358,0.14122137404580154
aftermath_jun-jul,neutral,strike_claims,48,0.025668449197860963,0.061068702290076333
aftermath_jun-jul,other,military_action,624,0.07484706729039223,0.4558071585098612
aftermath_jun-jul,other,nuclear_program,183,0.03355335533553355,0.13367421475529584
aftermath_jun-jul,other,deterrence,139,0.1133768352365416,0.10153396639883126
aftermath_jun-jul,other,diplomacy,331,0.11103656491110366,0.24178232286340395
aftermath_jun-jul,other,strike_claims,92,0.04919786096256684,0.06720233747260775
aftermath_aug,us_aligned,military_action,1158,0.4692058346839546,0.4066011235955056
aftermath_aug,us_aligned,nuclear_program,729,0.24940130003421143,0.2559691011235955
aftermath_aug,us_aligned,deterrence,169,0.25880551301684535,0.05933988764044944
aftermath_aug,us_aligned,diplomacy,620,0.22214260121820137,0.21769662921348315
aftermath_aug,us_aligned,strike_claims,172,0.5134328358208955,0.060393258426966294
aftermath_aug,iran_aligned,military_action,821,0.3326580226904376,0.25347329422661313
aftermath_aug,iran_aligned,nuclear_program,1133,0.3876154635648307,0.3497993207780179
aftermath_aug,iran_aligned,deterrence,222,0.33996937212863704,0.06853967273849954
aftermath_aug,iran_aligned,diplomacy,968,0.34682909351486924,0.298857672121025
aftermath_aug,iran_aligned,strike_claims,95,0.2835820895522388,0.029330040135844396
aftermath_aug,neutral,military_action,257,0.10413290113452188,0.1109671848013817
aftermath_aug,neutral,nuclear_program,939,0.3212452959288402,0.405440414507772
aftermath_aug,neutral,deterrence,182,0.2787136294027565,0.07858376511226252
aftermath_aug,neutral,diplomacy,915,0.32783948405589397,0.3950777202072539
aftermath_aug,neutral,strike_claims,23,0.06865671641791045,0.009930915371329879
aftermath_aug,other,military_action,232,0.0940032414910859,0.30247718383311606
aftermath_aug,other,nuclear_program,122,0.041737940472117686,0.1590612777053455
aftermath_aug,other,deterrence,80,0.1225114854517611,0.10430247718383312
aftermath_aug,other,diplomacy,288,0.10318882121103547,0.3754889178617992
aftermath_aug,other,strike_claims,45,0.13432835820895522,0.05867014341590613
